Code,Name,Brand,Description,Barcode,Supplier,Price Ex,Price In,Value,Stock
BR-BED-GRAN120-0001,BED GRANADA 120 X 195 CM,Sleep Comfort,BED GRANADA SIZE 120 X 195 CM COLOR GRANADA,,Sleep Comfort s.a.l,"9,702.13 ","11,400.00 ","1,745.00 ",16
BR-BED-LAMA105-0001,BED LAMA 105X195CM,Sleep Comfort,BED LAMA SIZE 105 X 195 CM COLOR LAMA,,Sleep Comfort s.a.l,"6,468.09 ","7,600.00 ",985.50 ,4
BR-BED-MOLTO-0001,BED MOLTO 180 X 195 CM,Sleep Comfort,BED MOLTO SIZE 180 X 195 CM FABRICS,,Sleep Comfort s.a.l,"9,702.13 ","11,400.00 ","1,441.68 ",1
BR-BED-QUAD120-0001,BED QUADRILLE 120 X 195 CM,Sleep Comfort,BED QUADRILLE SIZE 120 X 195 CM COLOR QUADRILLE,,Sleep Comfort s.a.l,"6,978.72 ","8,200.00 ",987.72 ,6
BR-BENCH-GRAN-0001,BENCH GRANADA,Sleep Comfort,BENCH GRANADA,,Sleep Comfort s.a.l,"2,723.40 ","3,200.00 ",260.30 ,1
BR-CHEST-GRAN-0001,CHEST OF DRAWERS GRANADA,Sleep Comfort,CHEST OF DRAWERS GRANADA COL GRANADA SILVER HANDLES,,Sleep Comfort s.a.l,"7,536.17 ","8,855.00 ","1,626.08 ",11
BR-CHEST-NORA-0001,CHEST OF DRAWERS NORA,Sleep Comfort,CHEST OF DRAWERS NORA COLOR WALNUT,,Sleep Comfort s.a.l,"10,212.77 ","12,000.00 ","2,030.00 ",1
BR-CHEST-QUAD-0001,CHEST OF DRAWERS QUADRILLE,Sleep Comfort,CHEST OF DRAWERS QUADRILLE COLOR QUADRILLE NO EXTERNAL HANDLES,,Sleep Comfort s.a.l,"5,382.98 ","6,325.00 ",905.58 ,6
BR-CHEST-QUAD-0002,CHEST OF DRAWER QUAD COL. ZEN,Sleep Comfort,CHEST OF DRAWER QUADRILLE COL. ZEN,,Sleep Comfort s.a.l,"5,382.98 ","6,325.00 ",905.58 ,3
BR-CHEST-SIRN-0001,CHEST OF DRAWERS SIRENE WZEN,Sleep Comfort,CHEST OF DRAWERS SIRENE COLOR WENGE ZEN,,Sleep Comfort s.a.l,"8,085.11 ","9,500.00 ","1,266.08 ",1
BR-CHEST-SIRN-0003,CHEST OF DRAWERS SIRENE NAT,Sleep Comfort,CHEST OF DRAWERS SIRENE COLOR NATALY,,Sleep Comfort s.a.l,"7,021.28 ","8,250.00 ",921.38 ,1
BR-CHEST-TALA-0001,CHEST OF DRAWERS TALAMO,Sleep Comfort,CHEST OF DRAWERS TALAMO COLOR TALAMO NO EXTERNAL HANDLES,,Sleep Comfort s.a.l,"4,868.09 ","5,720.00 ",617.76 ,2
BR-CHEST-TWIN-0001,CHEST OF DRAWERS TWIN,Sleep Comfort,CHEST OF DRAWERS TWIN,,Sleep Comfort s.a.l,"7,021.28 ","8,250.00 ","1,181.26 ",1
BR-CHEST-ZEN-0001,CHEST OF DRAWERS ZEN,Sleep Comfort,CHEST OF DRAWERS ZEN COLOR ZEN WOODEN ZEN COLORED HANDLES,,Sleep Comfort s.a.l,"6,468.09 ","7,600.00 ",919.10 ,7
BR-HB-0001,HEADBOARD SANDY 120 CM,Sleep Comfort,HEADBOARD SANDY SIZE 120 CM,,Sleep Comfort s.a.l,795.74 ,935.00 ,245.26 ,1
BR-HB-0002,HEADBOARD JACKY 160 CM,Sleep Comfort,HEADBOARD JACKY SIZE 160 CM,,Sleep Comfort s.a.l,"1,591.49 ","1,870.00 ",251.33 ,8
BR-MATT-0001,FLORA MATTRESS 105 X 195 CM,Sleep Comfort,FLORA MATTRESS 105 X 195 CM,,Sleep Comfort s.a.l,"2,042.55 ","2,400.00 ",169.65 ,91
BR-MATT-0002,FLORA MATTRESS 120 X 195 CM,Sleep Comfort,FLORA MATTRESS 120 X 195 CM,,Sleep Comfort s.a.l,"2,382.98 ","2,800.00 ",191.40 ,79
BR-MATT-0003,FLORA MATTRESS 160 X 195 CM,Sleep Comfort,FLORA MATTRESS 160 X 195 CM,,Sleep Comfort s.a.l,"2,893.62 ","3,400.00 ",256.65 ,62
BR-MATT-0004,FLORA MATTRESS 180 X 195 CM,Sleep Comfort,FLORA MATTRESS 180 X 195 CM,,Sleep Comfort s.a.l,"3,191.49 ","3,750.00 ",302.33 ,66
BR-MATT-0005,MOS. FREE MATTRESS 105 X 195CM,Sleep Comfort,MOSQUITO FREE MATTRESS SIZE 105 X 195 CM,,Sleep Comfort s.a.l,"2,382.98 ","2,800.00 ",342.00 ,4
BR-MATT-0006,MOS. FREE MATTRESS 120 X 195CM,Sleep Comfort,MOSQUITO FREE MATTRESS SIZE 120 X 195 CM,,Sleep Comfort s.a.l,"2,659.57 ","3,125.00 ",391.50 ,2
BR-MATT-0007,MOS. FREE MATTRESS 160 X 195CM,Sleep Comfort,MOSQUITO FREE MATTRESS SIZE 160 X 195 CM,,Sleep Comfort s.a.l,"3,510.64 ","4,125.00 ",522.00 ,15
BR-MATT-0008,MOS. FREE MATTRESS 180 X 195CM,Sleep Comfort,MOSQUITO FREE MATTRESS SIZE 180 X 195 CM,,Sleep Comfort s.a.l,"4,255.32 ","5,000.00 ",587.00 ,2
BR-MATT-0009,FLORA MATTRESS 140 X 195,Sleep Comfort,MATTRESS FLORA 140 X 195 CM,,Sleep Comfort s.a.l,"2,659.57 ","3,125.00 ",319.87 ,3
BR-MATT-0010,DAISY MATTRESS 105 X 195 CM,Sleep Comfort,MATTRESS DAISY 105 X 195 CM,,Sleep Comfort s.a.l,"1,914.89 ","2,250.00 ",648.38 ,1
BR-MATT-0011,DAISY MATTRESS 160 X 195 CM,Sleep Comfort,MATTRESS DAISY 160 X 195 CM,,Sleep Comfort s.a.l,"5,872.34 ","6,900.00 ",987.00 ,6
BR-MATT-0012,DAISY MATTRESS 180 X 195 CM,Sleep Comfort,MATTRESS DAISY 180 X 195 CM,,Sleep Comfort s.a.l,"6,638.30 ","7,800.00 ","1,200.65 ",6
BR-MATT-0013,HARMONY MATTRESSS 105 X 195 CM,Sleep Comfort,MATTRESS HARMONY 105 X 195 CM,,Sleep Comfort s.a.l,"3,191.49 ","3,750.00 ",745.50 ,1
BR-MIRR-GRAN-0001,MIRROR GRANADA,Sleep Comfort,MIRROR GRANADA COLOR GRANADA,,Sleep Comfort s.a.l,"1,595.74 ","1,875.00 ",252.15 ,12
BR-MIRR-NORA-0001,MIRROR NORA,Sleep Comfort,MIRROR NORA COLOR WALNUT,,Sleep Comfort s.a.l,"1,595.74 ","1,875.00 ",288.00 ,2
BR-MIRR-QUAD-0001,MIRROR QUADRILLE,Sleep Comfort,MIRROR QUADRILLE COLOR QUADRILLE,,Sleep Comfort s.a.l,"1,595.74 ","1,875.00 ",217.56 ,7
BR-MIRR-QUAD-0002,MIRROR QUADRILLE COL. ZEN,Sleep Comfort,MIRROR QUADRILLE COL. ZEN,,Sleep Comfort s.a.l,"1,595.74 ","1,875.00 ",217.56 ,3
BR-MIRR-SIRN-0001,MIRROR SIRENE WZEN,Sleep Comfort,MIRROR SIRENE COLOR W.N.C,,Sleep Comfort s.a.l,"1,595.74 ","1,875.00 ",240.76 ,5
BR-MIRR-TALA-0001,MIRROR TALAMO,Sleep Comfort,MIRROR TALAMO COLOR TALAMO,,Sleep Comfort s.a.l,"1,595.74 ","1,875.00 ",107.06 ,2
BR-MIRR-TEXAS-0001,MIRROR TEXAS,Sleep Comfort,MIRROS TEXAS,,Sleep Comfort s.a.l,"1,595.74 ","1,875.00 ",184.50 ,1
BR-MIRR-TWIN-0001,MIRROR TWIN,Sleep Comfort,MIRROR TWIN,,Sleep Comfort s.a.l,"1,595.74 ","1,875.00 ",257.50 ,1
BR-MIRR-ZEN-0001,MIRROR ZEN,Sleep Comfort,MIRROR ZEN COLOR ZEN,,Sleep Comfort s.a.l,"1,595.74 ","1,875.00 ",195.99 ,9
BR-NIGHT-DEGN-0001,NIGHT STAND DESIGN,Sleep Comfort,NIGHT STAND DESIGN COL. DESIGN,,Sleep Comfort s.a.l,"1,361.70 ","1,600.00 ",166.73 ,1
BR-NIGHT-GRAN-0001,NIGHT STAND GRANADA,Sleep Comfort,NIGHT STAND GRANADA COLOR GRANADA,,Sleep Comfort s.a.l,"2,872.34 ","3,375.00 ",560.00 ,14
BR-NIGHT-QUAD-0001,NIGHT STAND QUADRILLE,Sleep Comfort,NIGHT STAND QUADRILLE COL. QUADRILLE,,Sleep Comfort s.a.l,"2,127.66 ","2,500.00 ",368.88 ,16
BR-NIGHT-QUAD-0002,NIGHTSTAND QUADRILLE COL. ZEN,Sleep Comfort,NIGHTSTAND QUADRILLE COL. ZEN,,Sleep Comfort s.a.l,"2,127.66 ","2,500.00 ",403.38 ,2
BR-NIGHT-TEAK-0001,NIGHTSTAND TEAK,Sleep Comfort,NIGHTSTAND TEAK COLOR WALNUT,,Sleep Comfort s.a.l,"1,276.60 ","1,500.00 ",730.00 ,1
BR-NIGHT-TEXAS-0001,NIGHTSTAND TEXAS,Sleep Comfort,NIGHTSTAND TEXAS,,Sleep Comfort s.a.l,"3,510.64 ","4,125.00 ",506.63 ,2
BR-NIGHT-TWIN-0001,NIGHTSTAND TWIN,Sleep Comfort,NIGHTSTAND TWIN,,Sleep Comfort s.a.l,"3,723.40 ","4,375.00 ",772.00 ,2
BR-NIGHT-ZEN-0001,NIGHT STAND ZEN,Sleep Comfort,NIGHT STAND ZEN COL. ZEN,,Sleep Comfort s.a.l,"2,127.66 ","2,500.00 ",369.10 ,3
BR-OLYM-0006,OLYMPUS COUCH,Sleep Comfort,OLYMPUS COUCH/BED,,Sleep Comfort s.a.l,"6,170.21 ","7,250.00 ","1,487.26 ",8
BR-PILW-0001,PILLOW 50 X 70 CM,Sleep Comfort,PILLOW 50 X 70 CM,,Sleep Comfort s.a.l,76.60 ,90.00 ,15.36 ,410
BR-POOF-R-0006,ROUND POOF 45 CM,Sleep Comfort,ROUND POOF SIZE 45 CM,,Sleep Comfort s.a.l,"1,702.13 ","2,000.00 ",118.13 ,1
BR-POOF-S-0002,SQUARE POOF 45 X 45 CM,Sleep Comfort,SQUARE POOF SIZE 45 X 45 CM COL. BLUE,,Sleep Comfort s.a.l,510.64 ,600.00 ,66.69 ,2
BR-SEMAIN-SIRN-0002,SEMAINIER SIRENE QUAD,Sleep Comfort,SEMAINIER SIRENE COLOR QUADRILLE 7 DRAWERS,,Sleep Comfort s.a.l,"5,531.91 ","6,500.00 ",877.50 ,1
BR-W-DOMI-0001,DOMINO WARDROBE 3 DRS GRA,Sleep Comfort,DOMINO WARDROBE 3 DOORS COLOR GRANADA,,Sleep Comfort s.a.l,"9,021.28 ","10,600.00 ","1,140.75 ",6
BR-W-DOMI-0002,DOMINO WARDROBE 3 DRS QUAD,Sleep Comfort,DOMINO WARDROBE 3 DOORS COLOR QUADRILLE,,Sleep Comfort s.a.l,"9,021.28 ","10,600.00 ","1,140.75 ",4
BR-W-DOMI-0003,DOMINO WARDROBE 3 DRS WZEN,Sleep Comfort,DOMINO WARDROBE 3 DOORS COLOR WENGE ZEN,,Sleep Comfort s.a.l,"9,021.28 ","10,600.00 ","1,140.75 ",5
BR-W-DOMI-0004,DOMINO WARDROBE 3 DRS NAT,Sleep Comfort,DOMINO WARDROBE 3 DOORS COLOR NATALY,,Sleep Comfort s.a.l,"9,021.28 ","10,600.00 ","1,140.75 ",6
BR-W-DOMI-0005,DOMINO WARDROBE 4 DRS GRA,Sleep Comfort,DOMINO WARDROBE 4 DOORS COLOR GRANADA,,Sleep Comfort s.a.l,"10,127.66 ","11,900.00 ","1,430.33 ",2
BR-W-DOMI-0007,DOMINO WARDROBE 4 DRS NAT,Sleep Comfort,DOMINO WARDROBE 4 DOORS COLOR NATALY,,Sleep Comfort s.a.l,"10,127.66 ","11,900.00 ","1,430.33 ",1
BR-W-LAMA-0001,LAMA WARDROBE 6 DRS SIENNA,Sleep Comfort,LAMA WARDROBE 6 DOORS COLOR SIENNA,,Sleep Comfort s.a.l,"12,765.96 ","15,000.00 ","2,559.75 ",4
BR-W-MADI-0001,MADISSON WARDROBE 6 DRS GRA,Sleep Comfort,MADISSON WARDROBE 6 DOORS COLOR. GRANADA,,Sleep Comfort s.a.l,"12,765.96 ","15,000.00 ","1,684.80 ",2
BR-W-TALA-0001,TALAMO WARDROBE 6 DRS QUAD,Sleep Comfort,TALAMO WARDROBE 6 DOORS COLOR QUADRILLE,,Sleep Comfort s.a.l,"11,063.83 ","13,000.00 ","1,862.06 ",2
BR-WBOX-0001,FLORA WOODEN BOX 105 X 195 CM,Sleep Comfort,FLORA WOODEN BOX 105 X 195 CM,,Sleep Comfort s.a.l,"2,127.66 ","2,500.00 ",289.28 ,36
BR-WBOX-0003,FLORA WOODEN BOX 160 X 195 CM,Sleep Comfort,FLORA WOODEN BOX 160 X 195 CM,,Sleep Comfort s.a.l,"2,978.72 ","3,500.00 ",387.15 ,18
BR-WBOX-DR-0001,FLORA BOX DRAWER 105 X 195 CM,Sleep Comfort,FLORA BOX 2 DRAWERS 105 X 195 CM,,Sleep Comfort s.a.l,"3,659.57 ","4,300.00 ",561.15 ,10
BR-WBOX-DR-0002,FLORA BOX DRAWER 120 X 195 CM,Sleep Comfort,FLORA BOX 2 DRAWERS 120 X 195 CM,,Sleep Comfort s.a.l,"3,914.89 ","4,600.00 ",600.30 ,5
DR-CH-ATHOS-0002,CHAIR ATHOS COL LAZERO,Sleep Comfort,DINING CHAIR ATHOS WOOD COLOR LAZERO FABRIC COLOR BEIGE SAND,,Sleep Comfort s.a.l,"2,553.19 ","3,000.00 ",0.00 ,2
DR-CH-ATHOS-0010,ATHOS DINING CHAIR GRA,Sleep Comfort,ATHOS DINING CHAIR WOOD GRANADA FABRIC ASPARAGUS GREEN,,Sleep Comfort s.a.l,"2,553.19 ","3,000.00 ",438.00 ,10
DR-CH-ATHOS-0014,ATHOS DINING CHAIR BERSA,Sleep Comfort,ATHOS DINING CHAIR WOOD BERSA FABRIC ROSE RED,,Sleep Comfort s.a.l,"2,553.19 ","3,000.00 ",438.00 ,10
DR-CH-ATHOS-0017,CHAIR ATHOS WOOD COL. BERSA,Sleep Comfort,CHAIR ATHOS WOOD COL. BERSA FABRIC COL. SAND DUST BEIGE,,Sleep Comfort s.a.l,"2,553.19 ","3,000.00 ",0.00 ,1
DR-CH-ATHOS-0019,CHAIR ATHOS WOOD COL. BERSA,Sleep Comfort,CHAIR ATHOS WOOD COL. BERSA FABRIC COL. SAND BEIGE,,Sleep Comfort s.a.l,"2,553.19 ","3,000.00 ",523.00 ,2
DR-CH-FLAM-0001,CHAIR FLAMINGO WZEN,Sleep Comfort,DINING CHAIR FLAMINGO WOOD COLOR WENGE ZEN FABRIC COLOR BEIGE ROMI 3,,Sleep Comfort s.a.l,"1,914.89 ","2,250.00 ",208.82 ,2
DR-CH-FLAM-0007,CHAIR FLAMINGO LOUIS,Sleep Comfort,DINING CHAIR FLAMINGO WOOD COLOR LOUISIANA FABRIC COLOR RED ORANGE ( BRIQUE ),,Sleep Comfort s.a.l,"1,914.89 ","2,250.00 ",208.82 ,8
DR-CH-FLAM-0008,CHAIR FLAMINGO LOUIS,Sleep Comfort,DINING CHAIR FLAMINGO WOOD COLOR LOUISIANA FABRIC COLOR ORANGE,,Sleep Comfort s.a.l,"1,914.89 ","2,250.00 ",208.82 ,8
DR-CH-GHOST-0001,CHAIR GHOST COL LOUISIANA,Sleep Comfort,DINING CHAIR GHOST FABRIC COLOR RED WOOD COLOR LOUISIANA,,Sleep Comfort s.a.l,"1,914.89 ","2,250.00 ",416.26 ,8
DR-CH-GHOST-0005,CHAIR GHOST COL WZEN,Sleep Comfort,DINING CHAIR GHOST FABRIC COLOR BEIGE ROMI 3 WOOD COLOR W.ZEN,,Sleep Comfort s.a.l,"1,914.89 ","2,250.00 ",416.26 ,2
DR-CH-GHOST-0006,CHAIR GHOST WZEN,Sleep Comfort,DINING CHAIR GHOST FABRIC COLOR BLUE WOOD COLOR W.ZEN,,Sleep Comfort s.a.l,"1,914.89 ","2,250.00 ",416.26 ,8
DR-CH-MEDAILLON-0001,DINING CHAIR MEDAILLON,Sleep Comfort,DINING CHAIR MEDAILLON COL. TAUPE BEIGE FABRIC WOOD COL. AK7,,Sleep Comfort s.a.l,"3,191.49 ","3,750.00 ",777.00 ,8
DR-CH-NORA-0001,CHAIR NORA COL WZEN,Sleep Comfort,DINING CHAIR NORA WOOD COLOR WENGE ZEN FABRIC COLOR BROWN WITH LIME GREEN FLOWER PATTERNS,,Sleep Comfort s.a.l,"1,914.89 ","2,250.00 ",266.76 ,5
DR-CH-NORA-0003,CHAIR NORA COL WZEN,Sleep Comfort,DINING CHAIR NORA WOOD COLOR WENGE ZEN FABRIC COLOR BEIGE ROMI 3,,Sleep Comfort s.a.l,"1,914.89 ","2,250.00 ",266.76 ,4
DR-CH-NORA-0006,CHAIR NORA COL LOUIS,Sleep Comfort,DINING CHAIR NORA WOOD COLOR LOUISIANA FABRIC COLOR RED FLOWER PATTERN,,Sleep Comfort s.a.l,"1,914.89 ","2,250.00 ",266.76 ,8
DR-CH-SURF-0001,CHAIR SURF COL WZEN,Sleep Comfort,DINING CHAIR SURF WOOD COLOR WENGE FABRIC COLOR VIOLET,,Sleep Comfort s.a.l,"1,914.89 ","2,250.00 ",267.64 ,2
DR-CH-SURF-0004,CHAIR SURF COL LOUISIANA,Sleep Comfort,DINING CHAIR SURF FABRIC COLOR METAL BLUE WOOD COLOR LOUISIANA,,Sleep Comfort s.a.l,"1,914.89 ","2,250.00 ",364.50 ,4
DR-CH-SURF-0007,CHAIR SURF COL WZEN,Sleep Comfort,DINING CHAIR SURF LEATHER FABRIC COLOR MAROON WOOD COLOR W.ZEN,,Sleep Comfort s.a.l,"1,914.89 ","2,250.00 ",364.50 ,10
DR-CH-SURF-0010,DINING CHAIR SURF,Sleep Comfort,DINING CHAIR SURF COL. YELLOW FABRIC WOOD COL. W.NC,,Sleep Comfort s.a.l,"1,914.89 ","2,250.00 ",383.25 ,8
DR-SHOW-JAMA-0001,SHOWCASE JAMAICA COL WZEN,Sleep Comfort,SHOWCASE JAMAICA WOOD COLOR WENGE ZEN,,Sleep Comfort s.a.l,"17,021.28 ","20,000.00 ","1,774.31 ",1
DR-SHOW-JAMA-0002,SHOWCASE JAMAICA COL LOUIS,Sleep Comfort,SHOWCASE JAMAICA WOOD COLOR LOUISIANA,,Sleep Comfort s.a.l,"17,021.28 ","20,000.00 ","2,602.43 ",2
DR-SHOW-LAZ-0002,SHOWCASE LAZERO COL GRAN,Sleep Comfort,SHOWCASE LAZERO WOOD COLOR GRANADA SPOT LIGHT INCLUDED,,Sleep Comfort s.a.l,"9,574.47 ","11,250.00 ",872.24 ,1
DR-SIDE-FLAM-0001,SIDEBOARD FLAMINGO WZEN,Sleep Comfort,SIDEBOARD FLAMINGO COLOR WENGE ZEN,,Sleep Comfort s.a.l,"9,574.47 ","11,250.00 ","1,262.47 ",2
DR-SIDE-FLAM-0002,SIDEBOARD FLAMINGO LOUIS,Sleep Comfort,SIDEBOARD FLAMINGO COLOR LOUISIANA,,Sleep Comfort s.a.l,"9,574.47 ","11,250.00 ","1,262.47 ",1
DR-SIDE-JAMA-0002,SIDEBOARD JAMAICA COL LOUIS,Sleep Comfort,SIDEBOARD JAMAICA WOOD COLOR LOUISIANA,,Sleep Comfort s.a.l,"15,957.45 ","18,750.00 ","2,401.33 ",1
DR-SIDE-LAZ-0003,SIDEBOARD LAZERO COL BERSA,Sleep Comfort,LAZERO SIDEBOARD WOOD COLOR BERSA,,Sleep Comfort s.a.l,"11,702.13 ","13,750.00 ","2,596.66 ",2
DR-SIDE-NAT-0002,SIDEBOARD NATALY COL DESIGN,Sleep Comfort,SIDEBOARD NATALY WOOD COLOR DESIGN,,Sleep Comfort s.a.l,"9,021.28 ","10,600.00 ","1,209.20 ",1
DR-SIDE-WAVE-0001,SIDEBOARD WAVE COL WNC,Sleep Comfort,SIDEBOARD WAVE COLOR W.N.C,,Sleep Comfort s.a.l,"10,638.30 ","12,500.00 ","2,189.26 ",4
DR-T-FLAM-0001,TABLE FLAMINGO WZEN,Sleep Comfort,DINING TABLE FLAMINGO COLOR WENGE ZEN SIZE 160 X 160 CM TOP SAND BLASTED GLASS,,Sleep Comfort s.a.l,"8,510.64 ","10,000.00 ","1,043.55 ",1
DR-T-FLAM-0002,TABLE FLAMINGO LOUIS,Sleep Comfort,DINING TABLE FLAMINGO COLOR LOUISIANA SIZE 160 X 160 CM TOP TABLE SAND BLASTED GLASS,,Sleep Comfort s.a.l,"8,510.64 ","10,000.00 ","1,043.55 ",1
DR-T-JAMAICA-0001,TABLE JAMAICA COL WZEN,Sleep Comfort,DINING TABLE JAMAICA WOOD COLOR WENGE ZEN SIZE 105 X 210 CM,,Sleep Comfort s.a.l,"9,021.28 ","10,600.00 ","1,521.14 ",3
DR-T-JAMAICA-0002,TABLE JAMAICA COL LOUIS,Sleep Comfort,DINING TABLE JAMAICA WOOD COLOR LOUISIANA SQUARE SIZE 140 X 140 CM,,Sleep Comfort s.a.l,"9,021.28 ","10,600.00 ","1,521.14 ",2
DR-T-LAZE-0002,TABLE LAZERO COL GRANADA,Sleep Comfort,DINING TABLE LAZERO WOOD COLOR GRANADA SIZE 110 X 252 CM 10 SEATERS,,Sleep Comfort s.a.l,"8,936.17 ","10,500.00 ","1,752.00 ",1
DR-T-LAZE-0003,TABLE LAZERO COL BERSA,Sleep Comfort,DINING TABLE LAZERO WOOD COLOR BERSA SIZE 110 X 252 CM 10 SEATERS,,Sleep Comfort s.a.l,"8,936.17 ","10,500.00 ","1,942.40 ",1
DR-T-NAT-0002,TABLE NATALY COL DESIGN,Sleep Comfort,DINING TABLE NATALY WOOD COLOR DESIGN EXTENDABLE TABLE FOR 8 OR 10 SEATERS,,Sleep Comfort s.a.l,"7,659.57 ","9,000.00 ",817.83 ,1
DR-T-VIVA-0001,ROUND TABLE VIVA COL WZEN,Sleep Comfort,BREAKFAST TABLE VIVA WOOD COLOR WENGE ZEN ROUND 140 CM DIAM,,Sleep Comfort s.a.l,"6,382.98 ","7,500.00 ",854.26 ,1
DR-T-VIVA-0003,DINING TABLE VIVA 140 CM,Sleep Comfort,DINING TABLE VIVA SIZE 140 CM COLOR AK 7,,,"8,000.00 ","9,400.00 ","1,207.50 ",1
INTER-14M2-01,MOVYis3,Interstuhl,"MOVYIS3 TASK CHAIR WITH SYNCHRO MECHANISM, SEAT IN FABRIC NORA BLACK, BACKREST BLACK MESH, BLACK BASE AND SEAT/BACK SHELL, SEAT DEPTH- AND LUMBAR SUPPORT ADJUSTMENT, HEIGHT ADJUSTABLE ARMRESTS, SOFT WHEELS.",,Interstuhl,"4,170.21 ","4,900.00 ",941.80 ,2
INTER-2406-01,YOUNICO PRO,Interstuhl,"YOUNICO PRO TASK CHAIR, LOW BACK, SYNCHRO MECHANISM, SEAT DEPTH- AND SEAT INCLINATION ADJUSTMENT, SEAT AND BACK LUCIA FABRIC BORDEAUX, ALU POLISHED BASE LOOP FIX ARMREST, SOFT WHEELS",,Interstuhl,"2,510.64 ","2,950.00 ",510.00 ,1
INTER-362S-01,SILVER,Interstuhl,"SILVER, HIGH BACK EXECUTIVE SWIVEL ARMCHAIR, SEAT AND BACK BLACK EXCLUSIVE LEATHER, SEAT AND BACK SHELL AND BASE IN ALU BRUSHED FINISH, SYNCHRO MECHANISM, SOFT CASTORS.",,Interstuhl,"29,361.70 ","34,500.00 ","10,500.00 ",1
INTER-3C72-01,AIRPAD,Interstuhl,"AIRPAD, SWIVEL CHAIR, HIGH BACK WITH HEADREST, SEAT IN LUCIA FABRIC BALCK, BACKREST BLACK MEMBRANE MESH, ALU POLISHED BASE, SEAT DEPTH- AND LUMBAR SUPPORT ADJUSTMENT, 2-D ADJUSTABLE ARMRESTS, SOFT CASTORS.",,Interstuhl,"8,297.87 ","9,750.00 ","1,700.00 ",29
INTER-3C72-02,AIRPAD,Interstuhl,"AIRPAD, SWIVEL CHAIR, HIGH BACK WITH HEADREST, SEAT IN LUCIA FABRIC BLACK, BACKREST AND HEADREST WHITE MEMBRANE MESH, ALU POLISHED BASE, SEAT DEPTH- AND LUMBAR SUPPORT ADJUSTMENT, 2-D ADJUSTABLE ARMRESTS, SOFT CASTORS.",,Interstuhl,"8,297.87 ","9,750.00 ",0.00 ,1
INTER-46M0-01,MOVYis3,Interstuhl,"MOVYIS3, 4 LEG SEMINAR CHAIR ON GLIDES, STACKABLE, SEAT AND BACK IN NORA FABRIC BLACK, SEAT SHELL AND LEGS IN WHITE.",,Interstuhl,"1,744.68 ","2,050.00 ",395.00 ,14
INTER-46M0-02,MOVYis3,Interstuhl,"MOVYIS3, 4- LEG SEMINAR CHAIR ON GLIDES, STACKABLE, SEAT AND BACK IN LUCIA FABRIC GREY, SEAT SHELL AND LEGS IN BLACK, SOFT GLIDES.",,Interstuhl,"1,744.68 ","2,050.00 ",395.00 ,4
INTER-550H-01,HERO,Interstuhl,"HERO VISITOR CHAIR, SEAT IN BLACK LUCIA, BACKREST IN DARK GREY LUCIA, FRAME IN BLACK, WITH GLIDES FOR HARD FLOORS.",,Interstuhl,"2,382.98 ","2,800.00 ",550.00 ,4
INTER-550H-02,HERO,Interstuhl,"HERO VISITOR CHAIR, SEAT AND BACKREST IN BLACK LUCIA, FRAME IN BLACK, WITH GLIDES FOR HARD FLOORS.",,Interstuhl,"2,382.98 ","2,800.00 ",550.00 ,1
INTER-550H-03,HERO,Interstuhl,"HERO VISITOR CHAIR, SEAT AND BACKREST IN WHITE LUCIA, FRAME IN BLACK, WITH GLIDES FOR HARD FLOORS.",,Interstuhl,"2,382.98 ","2,800.00 ",550.00 ,6
INTER-56M0-01,MOVYis3,Interstuhl,"MOVYIS3 VISITOR CHAIR ON BLACK CANTILEVER FRAME, BLACK SHELL, SEAT AND BACK FABRIC NORA RED, SOFT GLIDES",,Interstuhl,"1,744.68 ","2,050.00 ",406.00 ,2
INTER-5F50-02,FAMOS,Interstuhl,"FAMOS GUEST CHAIR ON CANTILEVER FRAME, CHROMED, SEAT AND BACK WHITE PVC LEATHER, SOFT GLIDES.",,Interstuhl,"2,382.98 ","2,800.00 ",595.00 ,2
INTER-5W50-01,PIOS,Interstuhl,"PIOS, GUEST CHAIR, FULL MESH FOR SEAT AND BACK IN BLACK COLOUR, CANTILEVER FRAME IN BLACK COLOUR/WITH GLIDES FOR HARD FLOORS.",,Interstuhl,"2,382.98 ","2,800.00 ",488.00 ,2
INTER-FI01-01,FIT,Interstuhl,"FIT LOUNGE AND RELAX CHAIR, BLACK MESH, ON GLIDES.",,Interstuhl,"4,255.32 ","5,000.00 ",0.00 ,3
KB-ARCTIC-01,ARCTIC BOWL,Kosta Boda / Orrefors,ARCTIC BOWL,,KOSTA BODA - Orrefors,851.06 ,"1,000.00 ",185.00 ,3
KB-ARCTIC-02,ARCTIC VASE,Kosta Boda / Orrefors,ARCTIC VASE,,KOSTA BODA - Orrefors,"1,276.60 ","1,500.00 ",278.00 ,3
KB-ARMAD-02,ARMADILLO BOWL LARGE,Kosta Boda / Orrefors,ARMADILLO BOWL LARGE,,KOSTA BODA - Orrefors,808.51 ,950.00 ,185.00 ,1
KB-ATOLLDISH-01,ATOLL DISH,Kosta Boda / Orrefors,ATOLL DISH,,KOSTA BODA - Orrefors,936.17 ,"1,100.00 ",225.00 ,3
KB-ATOLLHURRICANE-01,ATOLL HURRICANE CANDLE HOLDER,Kosta Boda / Orrefors,ATOLL HURRICANE CANDLE HOLDER,,KOSTA BODA - Orrefors,212.77 ,250.00 ,53.00 ,10
KB-BRICKVOTIVE-01,BRICK VOTIVE,Kosta Boda / Orrefors,BRICK VOTIVE,,KOSTA BODA - Orrefors,212.77 ,250.00 ,48.00 ,9
KB-CARATSTOPPER-01,CARAT CITY STOPPER,Kosta Boda / Orrefors,CARAT CITY STOPPERS,,KOSTA BODA - Orrefors,221.28 ,260.00 ,53.00 ,6
KB-CATWALK-01,CATWALK MADAME,Kosta Boda / Orrefors,CATWALK MADAME,,KOSTA BODA - Orrefors,851.06 ,"1,000.00 ",185.00 ,8
KB-CONTDISH-01,CONTRAST DISH,Kosta Boda / Orrefors,CONTRAST DISH,,KOSTA BODA - Orrefors,680.85 ,800.00 ,140.00 ,6
KB-CONTLARGE-01,CONTRAST BOWL LARGE,Kosta Boda / Orrefors,CONTRAST BOWL LARGE,,KOSTA BODA - Orrefors,936.17 ,"1,100.00 ",222.00 ,17
KB-CONTMEDIUM-01,CONTRAST MEDIUM,Kosta Boda / Orrefors,CONTRAST MEDIUM,,KOSTA BODA - Orrefors,680.85 ,800.00 ,120.00 ,7
KB-CONTSMALL-01,CONTRAST SMALL,Kosta Boda / Orrefors,CONTRAST SMALL,,KOSTA BODA - Orrefors,425.53 ,500.00 ,83.00 ,8
KB-CONTVASE-01,CONTRAST VASE,Kosta Boda / Orrefors,CONTRAST VASE,,KOSTA BODA - Orrefors,680.85 ,800.00 ,130.00 ,8
KB-COOLMOON-01,COOL MOON VOTIVE,Kosta Boda / Orrefors,COOL MOON VOTIVE,,KOSTA BODA - Orrefors,382.98 ,450.00 ,65.00 ,3
KB-HAPPY-01,HAPPY GOING,Kosta Boda / Orrefors,HAPPY GOING,,KOSTA BODA - Orrefors,510.64 ,600.00 ,110.00 ,8
KB-HAPPY-02,HAPPY GOING SMALL,Kosta Boda / Orrefors,HAPPY GOING SMALL,,KOSTA BODA - Orrefors,425.53 ,500.00 ,65.00 ,10
KB-MAKEUPLIP-01,MAKEUP LIPSTICK,Kosta Boda / Orrefors,MAKEUP LIPSTICK,,KOSTA BODA - Orrefors,851.06 ,"1,000.00 ",185.00 ,2
KB-MAKEUPLIPMINI-01,MAKE UP MINI,Kosta Boda / Orrefors,MAKE UP MINI,,KOSTA BODA - Orrefors,425.53 ,500.00 ,90.00 ,2
KB-MAKEUPNAIL-01,MAKE UP NAILPOLISH,Kosta Boda / Orrefors,MAKE UP NAILPOLISH,,KOSTA BODA - Orrefors,851.06 ,"1,000.00 ",185.00 ,4
KB-MAKEUPNAILSMALL-01,MAKE UP NAIL POLISH SMALL,Kosta Boda / Orrefors,MAKE UP NAIL POLISH SMALL,,KOSTA BODA - Orrefors,425.53 ,500.00 ,90.00 ,4
KB-MINECAKE-01,MINE CAKEPLATE,Kosta Boda / Orrefors,MINE CAKEPLATE,,KOSTA BODA - Orrefors,340.43 ,400.00 ,53.00 ,1
KB-MINELARGE-01,MINE BOWL LARGE,Kosta Boda / Orrefors,MINE BOWL LARGE,,KOSTA BODA - Orrefors,425.53 ,500.00 ,73.00 ,6
KB-MINESMALL-01,MINE BOWL SMALL,Kosta Boda / Orrefors,MINE BOWL SMALL,,KOSTA BODA - Orrefors,340.43 ,400.00 ,53.00 ,6
KB-MINEVASE-01,MINE VASE,Kosta Boda / Orrefors,MINE VASE,,KOSTA BODA - Orrefors,425.53 ,500.00 ,82.00 ,7
KB-OPENMINDSDISH-01,OPEN MINDS DISH,Kosta Boda / Orrefors,OPEN MINDS DISH,,KOSTA BODA - Orrefors,"1,531.91 ","1,800.00 ",375.00 ,4
KB-OPENMINDSVASE-01,OPEN MINDS VASE,Kosta Boda / Orrefors,OPEN MINDS VASE,,KOSTA BODA - Orrefors,"2,042.55 ","2,400.00 ",485.00 ,2
KB-ORCHIDDISH-01,ORCHID DISH,Kosta Boda / Orrefors,ORCHID DISH,,KOSTA BODA - Orrefors,"3,404.26 ","4,000.00 ",833.00 ,1
KB-ORCHIDVASE-01,ORCHID VASE,Kosta Boda / Orrefors,ORCHID VASE,,KOSTA BODA - Orrefors,"3,829.79 ","4,500.00 ",878.00 ,1
KB-PONDBOWL-01,POND BOWL,Kosta Boda / Orrefors,POND BOWL,,KOSTA BODA - Orrefors,765.96 ,900.00 ,130.00 ,2
KB-PRECIOUSLARGE-01,PRECIOUS PLATTER LARGE,Kosta Boda / Orrefors,PRECIOUS PLATTER LARGE,,KOSTA BODA - Orrefors,"1,276.60 ","1,500.00 ",278.00 ,3
KB-PRECIOUSSMALL-01,PRECIOUS PLATTER,Kosta Boda / Orrefors,PRECIOUS PLATTER,,KOSTA BODA - Orrefors,851.06 ,"1,000.00 ",185.00 ,3
KB-SQUEEZELARGE-01,SQUEEZE LARGE,Kosta Boda / Orrefors,SQUEEZE LARGE,,KOSTA BODA - Orrefors,"1,361.70 ","1,600.00 ",485.00 ,2
KB-SQUEEZESMALL-01,SQUEEZE SMALL,Kosta Boda / Orrefors,SQUEEZE SMALL,,KOSTA BODA - Orrefors,"1,361.70 ","1,600.00 ",372.00 ,2
KB-STILLVOTIVE-01,STILL VOTIVE,Kosta Boda / Orrefors,STILL VOTIVE,,KOSTA BODA - Orrefors,340.43 ,400.00 ,65.00 ,18
KB-STRAW-01,STRAW VASE,Kosta Boda / Orrefors,STRAW VASE,,KOSTA BODA - Orrefors,680.85 ,800.00 ,140.00 ,3
KB-STREETASHTRAY-01,STREET ASHTRAY,Kosta Boda / Orrefors,STREET ASHTRAY,,KOSTA BODA - Orrefors,595.74 ,700.00 ,128.00 ,5
KB-STREETBUCKET-01,STREET ICE BUCKET,Kosta Boda / Orrefors,STREET ICE BUCKET,,KOSTA BODA - Orrefors,"1,276.60 ","1,500.00 ",260.00 ,3
KB-STREETCOASTER-01,STREET COASTER,Kosta Boda / Orrefors,STREET COASTER,,KOSTA BODA - Orrefors,255.32 ,300.00 ,43.00 ,5
KB-STREETDECANTER-01,STREET DECANTER,Kosta Boda / Orrefors,STREET DECANTER,,KOSTA BODA - Orrefors,"1,914.89 ","2,250.00 ",427.00 ,1
KB-STREETGLASS-01,STREET OLD FASHIONED GLASS,Kosta Boda / Orrefors,STREET OLD FASHIONED GLASS,,KOSTA BODA - Orrefors,936.17 ,"1,100.00 ",195.00 ,2
KB-TATOOBOWLLARGE-01,TATOO BOWL LARGE,Kosta Boda / Orrefors,TATOO BOWL LARGE,,KOSTA BODA - Orrefors,851.06 ,"1,000.00 ",165.00 ,2
KB-TATOOBOWLSMALL-01,TATOO BOWL SMALL,Kosta Boda / Orrefors,TATOO BOWL SMALL,,KOSTA BODA - Orrefors,680.85 ,800.00 ,110.00 ,1
KB-TATOODISH-01,TATOO DISH,Kosta Boda / Orrefors,TATOO DISH,,KOSTA BODA - Orrefors,"1,446.81 ","1,700.00 ",298.00 ,2
KB-TATOOVASE-01,TATOO VASE,Kosta Boda / Orrefors,TATOO VASE,,KOSTA BODA - Orrefors,"1,446.81 ","1,700.00 ",298.00 ,1
KB-ULLABOWLLARGE-01,ULLA BOWL LARGE,Kosta Boda / Orrefors,ULLA BOWL LARGE,,KOSTA BODA - Orrefors,510.64 ,600.00 ,90.00 ,2
KB-ULLABOWLSMALL-01,ULLA BOWL SMALL,Kosta Boda / Orrefors,ULLA BOWL SMALL,,KOSTA BODA - Orrefors,425.53 ,500.00 ,53.00 ,3
KB-ULLADESSERT-01,ULLA DESSERT BOWL,Kosta Boda / Orrefors,ULLA DESSERT BOWL,,KOSTA BODA - Orrefors,425.53 ,500.00 ,53.00 ,3
KB-VISIONDISH-01,VISION DISH,Kosta Boda / Orrefors,VISION DISH,,KOSTA BODA - Orrefors,"3,404.26 ","4,000.00 ",880.00 ,2
KB-VISIONDISHSMALL-01,VISION DISH SMALL,Kosta Boda / Orrefors,VISION DISH SMALL,,KOSTA BODA - Orrefors,"2,978.72 ","3,500.00 ",580.00 ,1
KB-VISIONVASE-01,VISION VASE,Kosta Boda / Orrefors,VISION VASE,,KOSTA BODA - Orrefors,"2,553.19 ","3,000.00 ",655.00 ,1
KB-ZVIZZLARGE-01,ZVIZZ LARGE,Kosta Boda / Orrefors,ZVIZZ LARGE,,KOSTA BODA - Orrefors,851.06 ,"1,000.00 ",158.00 ,3
KB-ZVIZZMEDIUM-01,ZVIZZ MEDIUM,Kosta Boda / Orrefors,ZVIZZ MEDIUM,,KOSTA BODA - Orrefors,765.96 ,900.00 ,128.00 ,3
LIGNEPURE-ENJOY-01,ENJOY CARPET,Ligne Pure,ENJOY CARPET PATCHWORK CARPET 100% WOOL 170X240,,Ligne Pure,"5,957.45 ","7,000.00 ","1,557.00 ",1
LIGNEPURE-FEEL-01,FEEL CARPET,Ligne Pure,FEEL CARPET COWHIDE 170X240,,Ligne Pure,"6,382.98 ","7,500.00 ","1,633.00 ",1
LIGNEPURE-REFLECT-01,REFLECT CARPET,Ligne Pure,REFLECT CARPET HANDWOVEN CARPET 50% WOOL AND 50% VISCOSE PILE 170X240,,Ligne Pure,"7,659.57 ","9,000.00 ","2,367.00 ",1
LR-BS-VENIS-0001,BOOKSHELVE VENISE 2D COL WNC,Sleep Comfort,BOOKSHELVE VENISE 2 DOORS COLOR W.ZEN,,,"4,255.32 ","5,000.00 ","1,210.00 ",1
LR-BS-VENIS-0002,BOOKSHELVE VENISE 3DR COL WNC,Sleep Comfort,BOOKSHELVE VENISE 3 DRAWERS COLOR W.ZEN,,,"4,255.32 ","5,000.00 ","1,370.26 ",1
LR-BS-VENIS-0003,BOOKSHELVE VENISE 4DR COL WNC,Sleep Comfort,BOOKSHELVE VENISE 4 DRAWERS COLOR W.ZEN,,,"4,255.32 ","5,000.00 ","1,734.76 ",2
LR-CELI-0007,CELIO CORNER,Sleep Comfort,CELIO CORNER IGUANA GREEN FABRICS AND LINEN BEIGE CUSHIONS,,,"24,468.09 ","28,750.00 ","4,436.00 ",1
LR-CELI-0008,CELIO STOOL,Sleep Comfort,CELIO STOOL BEIGE IGUANA,,,"4,787.23 ","5,625.00 ",793.80 ,1
LR-CELI-0009,CELIO CORNER,Sleep Comfort,CELIO CORNER RED FABRIC CHSSIS AND NOUGAT BEIGE CUSHION,,,"24,468.09 ","28,750.00 ","4,436.00 ",1
LR-CELI-0010,CELIO STOOL,Sleep Comfort,CELIO STOOL  RED,,,"4,787.23 ","5,625.00 ",793.80 ,1
LR-CUSH-0001,CUSHION 45 X 45 CM,Sleep Comfort,CUSHION 45 X 45CM COL. BLUE,,,255.32 ,300.00 ,35.48 ,28
LR-CUSH-0002,CUSHION 45 X 45 CM,Sleep Comfort,CUSHION 45 X 45 CM VIOLET,,,255.32 ,300.00 ,29.48 ,4
LR-CUSH-0003,CUSHION 45 X 45 CM,Sleep Comfort,CUSHION 45 X 45 CM COL. ORANGE,,,255.32 ,300.00 ,29.48 ,4
LR-CUSH-0004,CUSHION 45 X 45 CM,Sleep Comfort,CUSHION 45 X 45 CM COL. RED WITH RED FLOWER PATTERNS,,,255.32 ,300.00 ,32.64 ,8
LR-CUSH-0005,CUSHION 45 X 45 CM,Sleep Comfort,"CUSHION 45 X 45 CM COL. GREEN, BROWN AND VIOLET STRIPES",,,255.32 ,300.00 ,32.64 ,4
LR-DAYTONA-0001,DAYTONA SOFA AND BED,Sleep Comfort,DAYTONA SOFA ( L-SHAPE ) INTERNAL BED GREEN AND BEIGE CHASSIS RED CUSHIONS,,,"30,638.30 ","36,000.00 ","6,424.00 ",1
LR-DAYTONA-0003,DAYTONA SOFA AND BED,Sleep Comfort,"DAYTONA L-SHAPE SOFA INTERNAL BED CHASSIS BLACK, CUSHIONS STRIPED RAINBOW COLORS",,,"30,638.30 ","36,000.00 ","7,008.00 ",1
LR-GALA-0005,GALAXY COUCH [ 3 ],Sleep Comfort,GALAXY COUCH THREE SEATERS COL. VIOLET WITH STRIPED GREEN AND BROWN CUSHIONS,,,"15,957.45 ","18,750.00 ","1,597.05 ",4
LR-GALA-0012,GALAXY SOFA THREE SEATERS,Sleep Comfort,GALAXY SOFA THREE SEATERS COPPER RED CHASSIS GOLDEN RED/GREEN FLOWERS CUSHIONS,,,"15,957.45 ","18,750.00 ","2,774.00 ",2
LR-GLOR-0007,GLORIA SOFA THREE SEATERS,Sleep Comfort,"GLORIA SOFA THREE SEATERS SHINY COPPER FABRIC CHASSIS COBRA SKIN YELLOW,GREEN AND BLACK CUSHIONS",,,"14,893.62 ","17,500.00 ","2,920.00 ",1
LR-LAMPS-0001,FLOOR LAMP R. DROITE R.GAUCHE,Sleep Comfort,FLOOR LAMP RIVE DROITE RIVE GAUCHE,,,"1,191.49 ","1,400.00 ",828.00 ,8
LR-LAMPS-0002,FLOOR LAMP ALOE,Sleep Comfort,FLOOR LAMP ALOE,,,"1,191.49 ","1,400.00 ",672.76 ,9
LR-LAMPS-0003,FLOOR LAMP TRINIDAD,Sleep Comfort,FLOOR LAMP TRINIDAD,,,"1,191.49 ","1,400.00 ",846.00 ,3
LR-LAMPS-0004,FLOOR LAMP NAIADIS,Sleep Comfort,FLOOR LAMPS NAIADIS,,,"1,191.49 ","1,400.00 ",933.76 ,9
LR-POLO-0013,POLO COUCH [ 1 ],Sleep Comfort,POLO ARMCHAIR LEATHER FABRIC COLOR BLACK,,,"6,170.21 ","7,250.00 ",753.76 ,2
LR-POLO-0017,POLO COUCH [ 1 ],Sleep Comfort,POLO ARMCHAIR  COL BROWN AND VIOLET STRIPES,,,"6,170.21 ","7,250.00 ",0.00 ,1
LR-SMILY-0009,SMILY ARMCHAIR ROSE RED,Sleep Comfort,SMILY ARMCHAIR ROSE RED FABRIC WITH LIMELIGHT GREEN CUSHIONS,,,"6,808.51 ","8,000.00 ","1,276.00 ",1
LR-T-C-0002,TABLE C,Sleep Comfort,"TABLE """"C"""" COLOR LOUISIANA",,,"1,063.83 ","1,250.00 ",269.00 ,1
LR-T-C-0003,TABLE C COL. CHENE,Sleep Comfort,TABLE C COL. CHENE,,,"1,063.83 ","1,250.00 ",269.00 ,4
LR-T-C-0004,TABLE C COL. AMERICAN,Sleep Comfort,TABLE C COL. AMERICAN,,,"1,063.83 ","1,250.00 ",280.00 ,4
LR-T-CROIS-0001,TABLE CROISEE 110 X 110 CM,Sleep Comfort,TABLE CROISEE SIZE 110 X 110 CM COLOR LAZERO,,,"4,765.96 ","5,600.00 ",0.00 ,1
LR-T-CROIS-0002,TABLE CROISEE 65 X 65 CM,Sleep Comfort,TABLE CROISEE SIZE 65 X 65 CM COLOR LAZERO,,,"3,702.13 ","4,350.00 ",0.00 ,1
LR-T-EMANU-0001,TABLE EMANUELLE 120 X 120 CM,Sleep Comfort,TABLE EMANUELLE SIZE 120 X 120 CM COLOR RUST GREEN,,,"6,893.62 ","8,100.00 ","1,111.50 ",1
LR-T-FILET-0001,TABLE FILET 80 X 120 CM,Sleep Comfort,TABLE FILET SIZE 80 X 120 CM COLOR LAZERO,,,"4,765.96 ","5,600.00 ",705.67 ,2
LR-T-FILET-0003,TABLE FILET 65 X 65 CM,Sleep Comfort,TABLE FILET SIZE 65 X 65 CM COLOR LAZERO,,,"3,659.57 ","4,300.00 ",584.00 ,2
LR-T-GALAX-0006,TABLE GALAXY 60 X 60 DESIGN,Sleep Comfort,TABLE GALAXY 60 X 60 H 55 COL. DESIGN,,,"2,638.30 ","3,100.00 ",326.43 ,1
LR-T-LUNA-0002,TABLE LUNA 40 X 35 CM,Sleep Comfort,TABLE LUNA SIZE 40 X 35 CM COLOR W.ZEN,,,"3,404.26 ","4,000.00 ",717.76 ,1
LR-T-MARTHA-0002,ROUND TABLE MARTHA 55 CM,Sleep Comfort,ROUND TABLE MARTHA SIZE 55 CM COLOR AK7,,,"5,106.38 ","6,000.00 ",913.50 ,3
LR-T-MIAMI-0001,TV. TABLE MIAMI WZEN,Sleep Comfort,TV. TABLE MIAMI COL. WENGE ZEN,,,"6,382.98 ","7,500.00 ","1,297.92 ",2
LR-T-MIAMI-0002,TV. TABLE MIAMI NATHALY,Sleep Comfort,TV. TABLE MIAMI COL. NATHALY,,,"6,382.98 ","7,500.00 ",0.00 ,1
LR-T-MIAMI-0003,BOOKCASE MIAMI WZEN,Sleep Comfort,BOOKCASE MIAMI COL. WENGE ZEN,,,"5,319.15 ","6,250.00 ","1,715.00 ",4
LR-T-MODG-0002,"MODEL """"G"""" TABLE LOUIS",Sleep Comfort,"MODEL """"G"""" CENTER TABLE 120 X 70 CM COLOR LOUISIANA",,,"4,765.96 ","5,600.00 ","1,022.00 ",1
LR-T-NOA-0001,TABLE NOA 80 X 135 WZEN,Sleep Comfort,CENTER TABLE NOA  80 X 135  COL. WENGE ZEN,,,"3,191.49 ","3,750.00 ",565.39 ,3
LR-T-NOA-00012,TABLE NOA 60X60 COL. LOUIS,Sleep Comfort,TABLE NOA 60X60 COL. LOUIS,,,"2,127.66 ","2,500.00 ",426.00 ,2
LR-T-NOA-0002,TABLE NOA 80 X 135 NATHALY,Sleep Comfort,CENTER TABLE NOA  80 X 135  COL. NATHALY,,,"3,191.49 ","3,750.00 ",359.78 ,2
LR-T-NOA-0003,TABLE NOA 60 X 60 WZEN,Sleep Comfort,TABLE NOA  60 X 60 H 56 COL. WENGE ZEN,,,"2,127.66 ","2,500.00 ",348.94 ,3
LR-T-NOA-0004,TABLE NOA 60 X 60 NATHALY,Sleep Comfort,TABLE NOA  60 X 60 COL. NATHALY,,,"2,127.66 ","2,500.00 ",194.81 ,1
LR-T-NOA-0007,TABLE NOA 60 X 60 CM WZEN,Sleep Comfort,NOA GLASS TABLE SIZE 60 X 60 CM WOOD COLOR : WZEN,,,"2,127.66 ","2,500.00 ",328.00 ,1
LR-T-NOA-0008,TABLE NOA 45 X 45 CM WZEN,Sleep Comfort,NOA GLASS TABLE SIZE 45 X 45 CM WOOD COLOR : WZEN,,,"1,702.13 ","2,000.00 ",354.40 ,4
LR-T-NOA-0010,NOA TABLE 45 X 45 CM BERSA,Sleep Comfort,NOA GLASS TABLE SIZE 45 X 45 CM WOOD COLOR BERSA,,,"1,702.13 ","2,000.00 ",292.00 ,1
LR-T-NOA-0011,TABLE NOA 80X135 COL. LOUI,Sleep Comfort,NOA TABLE 80X135 COL. LOUISIANA,,,"3,191.49 ","3,750.00 ",771.00 ,2
LR-T-NOA-0013,TABLE NOA 45X45 LOUIS,Sleep Comfort,TABLE NOA 45X45 COL. LOUIS,,,"1,702.13 ","2,000.00 ",370.00 ,2
LR-T-NORA-0002,ROUND TABLE NORA 110 NOY. TEINT,Sleep Comfort,ROUND TABLE  110 NOY. TEINTE,,,"7,446.81 ","8,750.00 ","1,980.00 ",4
LR-T-NORA-0005,C.TABLE NORA 110 CM WALNUT,Sleep Comfort,NORA CENTRE TABLE ROUND 110 CM DIAMETRE COLOR WALNUT,,,"7,446.81 ","8,750.00 ","1,679.00 ",1
LR-T-OPIUM-0001,TABLE OPIUM 90 X 140 CM,Sleep Comfort,TABLE OPIUM SIZE 90 X 140 CM COLOR LAZERO,,,"7,446.81 ","8,750.00 ","1,509.80 ",2
LR-T-PALMA-0001,TABLE PALMA 150 X 110LOUISIANA,Sleep Comfort,CENTER TABLE 150 X 110 COL. LOUISIANA,,,"5,829.79 ","6,850.00 ","1,384.43 ",3
LR-T-PALMA-0002,TABLE PALMA 150 X 120 CM WZEN,Sleep Comfort,TABLE PALMA SIZE 150 X 120 CM COLOR W.ZEN,,,"5,829.79 ","6,850.00 ","1,270.08 ",1
LR-T-PUZZLE-0001,TABLE PUZZLE,Sleep Comfort,TABLE PUZZLE  COL WNC,,,"4,255.32 ","5,000.00 ",857.26 ,2
LR-T-ROMA-0001,BOOKCASE ROMA NATHALY,Sleep Comfort,BOOKCASE ROMA COL. NATHALY,,,"8,510.64 ","10,000.00 ","1,916.46 ",1
LR-T-TOKYO-0001,CENT.TABLE TOKYO 130 X 130WOOD,Sleep Comfort,CENTER TABLE TOKYO 130 X 130  COL. WOOD,,,"5,829.79 ","6,850.00 ","1,241.00 ",1
LR-T-TOKYO-0003,ROUND TABLE TOKYO 120 CM,Sleep Comfort,ROUND TABLE TOKYO SIZE 140 CM COLOR AK 7,,,"6,382.98 ","7,500.00 ","1,491.00 ",2
LR-T-TRIO-0004,TABLE TRIO 135 X 39CM LOUISIAN,Sleep Comfort,TABLE TRIO SIZE 135 X 39 CM COLOR LOUISIANA,,,"3,191.49 ","3,750.00 ",567.00 ,1
LR-T-TRIO-0006,TABLE TRIO 180 X 39CM LOUISIAN,Sleep Comfort,TABLE TRIO SIZE 180 X 39 CM COLOR LOUISIANA,,,"3,702.13 ","4,350.00 ",632.26 ,2
LR-T-TULIP-0001,TABLE TULIP WZEN,Sleep Comfort,TABLE TULIP COLOR W.ZEN,,,"2,127.66 ","2,500.00 ",573.76 ,2
LR-T-VEGA-0001,TABLE VEGA 120 X 120 CM WZEN,Sleep Comfort,TABLE VEGA SIZE 120 X 120 CM COLOR W.ZEN,,,"3,702.13 ","4,350.00 ",634.50 ,1
LR-T-VEGA-0002,TABLE VEGA120 X 120CM LOUISIAN,Sleep Comfort,TABLE VEGA SIZE 120 X 120 CM COLOR LOUISIANA,,,"3,702.13 ","4,350.00 ",634.50 ,1
LR-T-VEGA-0003,TABLE VEGA 90 X 150 CM WZEN,Sleep Comfort,TABLE VEGA SIZE 90 X 150 CM COLOR W.ZEN,,,"3,702.13 ","4,350.00 ",827.59 ,3
LR-T-VEGA-0004,TABLE VEGA 90 X 150 CM LOUISIA,Sleep Comfort,TABLE VEGA SIZE 90 X 150 CM COLOR LOUISIANA,,,"3,702.13 ","4,350.00 ",905.00 ,1
LR-T-VEGA-0005,TABLE VEGA 60 X 150 CM WZEN,Sleep Comfort,TABLE VEGA SIZE 60 X 150 CM COLOR W.ZEN,,,"3,191.49 ","3,750.00 ",596.26 ,1
LR-T-VEGA-0006,TABLE VEGA 60 X 150 CM LOUISIA,Sleep Comfort,TABLE VEGA SIZE 60 X 150 CM COLOR LOUISIANA,,,"3,191.49 ","3,750.00 ",596.26 ,2
LR-T-VEGA-0007,TABLE VEGA 60 X 60 CM WZEN,Sleep Comfort,TABLE VEGA SIZE 60 X 60 CM COLOR W.ZEN,,,"2,638.30 ","3,100.00 ",530.21 ,3
LR-T-VENIS-0001,TABLE VENISE 100 X 100 WZEN,Sleep Comfort,CENTER TABLE VENISE  100 X 100 H 42  COL. WENGE ZEN,,,"4,255.32 ","5,000.00 ",692.67 ,2
LR-T-VENIS-0002,TABLE VENISE 100 X 100 NATHALY,Sleep Comfort,CENTER TABLE 100 X 100 H 42 COL. NATHALY,,,"4,255.32 ","5,000.00 ",692.67 ,4
LR-T-VENIS-0006,TABLE VENISE 65 X 65 NATHALY,Sleep Comfort,TABLE VENISE 65 X 65  COL. NATHALY,,,"3,191.49 ","3,750.00 ",475.45 ,6
LR-T-ZEBRA-0002,TABLE ZEBRANO 80 X 80,Sleep Comfort,TABLE ZEBRANO  80 X 80 H 50,,,"3,191.49 ","3,750.00 ",387.86 ,1
LR-VENISE-0003,VENISE ARMCHAIR SOFT GREY,Sleep Comfort,VENISE ARMCHAIR SOFT GREY FABRIC AND CUSHION,,,"4,978.72 ","5,850.00 ","1,250.00 ",1
LR-VENISE-0006,VENISE ARMCHAIR SAND BEIGE,Sleep Comfort,VENISE ARMCHAIR SAND BEIGE FABRIC,,,"4,978.72 ","5,850.00 ","1,250.00 ",1
METAL-15229-01,GEMINI 230V-SQUARE,Metalspot,GEMINI 230V-SQUARE,,Metal Spot S.r.l,173.91 ,204.34 ,60.27 ,4
METAL-33101-01,ELEMENT RAIL,Metalspot,ELEMENT RAIL,,Metal Spot S.r.l,0.00 ,0.00 ,195.00 ,1
METAL-33103-01,ELEMENT HEAD CONNECTOR,Metalspot,ELEMENT HEAD CONNECTOR,,Metal Spot S.r.l,0.00 ,0.00 ,65.00 ,1
METAL-45304-01,NASTRO WALL,Metalspot,NASTRO WALL,,Metal Spot S.r.l,891.30 ,"1,047.28 ",440.00 ,2
METAL-45305-01,NASTRO WALL,Metalspot,NASTRO WALL,,Metal Spot S.r.l,891.30 ,"1,047.28 ",410.00 ,2
METAL-45363-01,NASTRO TABLE,Metalspot,NASTRO TABLE,,Metal Spot S.r.l,"2,695.65 ","3,167.39 ","1,345.00 ",4
METAL-51015-01,ARIZONA,Metalspot,ARIZONA,,Metal Spot S.r.l,"1,702.13 ","2,000.00 ",600.00 ,3
METAL-51016-01,ARIZONA,Metalspot,ARIZONA,,Metal Spot S.r.l,"1,702.13 ","2,000.00 ",600.00 ,3
METAL-98933-01,LAMP SPOT E27/R80 75 W,Metalspot,LAMP SPOT E27/R80 75 W,,Metal Spot S.r.l,0.00 ,0.00 ,3.00 ,2
METAL-98961-01,BULBS-HALOGENE 100W,Metalspot,BULBS-HALOGENE 100W,,Metal Spot S.r.l,0.00 ,0.00 ,35.00 ,3
METAL-99914-01,BULB FLUORESCENT,Metalspot,BULB FLUORESCENT,,Metal Spot S.r.l,0.00 ,0.00 ,15.00 ,4
METAL-99924-01,BULB,Metalspot,BULB,,Metal Spot S.r.l,165.22 ,194.13 ,60.00 ,2
METAL-L00578-01,TRITT.3*700MA WHITE 40 H40MM,Metalspot,TRITT.3*700MA WHITE 40 H40MM,,Metal Spot S.r.l,165.22 ,194.13 ,140.00 ,4
METAL-L33106-01,ELEMENT DRIVER 25W,Metalspot,ELEMENT DRIVER 25W,,Metal Spot S.r.l,0.00 ,0.00 ,152.00 ,1
METAL-L33112-01-01,ELEMENT SOURCE 3 LED,Metalspot,ELEMENT SOURCE 3 LED,,Metal Spot S.r.l,0.00 ,0.00 ,195.00 ,4
METAL-L42914-01,SNAKE,Metalspot,SNAKE,,Metal Spot S.r.l,530.43 ,623.26 ,257.00 ,2
METAL-L49000-01,GRU LED,Metalspot,GRU LED - Table lamp.-Chrome colour.-Natural White LED colour.-Contemporary style.-With double insulation and/or reinforced insulation in every part and without earth connections,,Metal Spot S.r.l,"2,127.66 ","2,500.00 ",962.00 ,2
METAL-L50753-01-01,FONTANA,Metalspot,FONTANA,,Metal Spot S.r.l,"10,212.77 ","12,000.00 ","4,320.00 ",1
METAL-L55030-01-01,PLANA 16,Metalspot,PLANA 16,,Metal Spot S.r.l,"2,217.39 ","2,605.43 ","1,070.00 ",3
METAL-L55050-20-01,TRATTO,Metalspot,TRATTO,,Metal Spot S.r.l,"7,659.57 ","9,000.00 ","3,060.00 ",1
METAL-L90105-01,DRIVER 24V DC 25W,Metalspot,DRIVER 24V DC 25W,,Metal Spot S.r.l,0.00 ,0.00 ,75.30 ,24
METAL-L90107-01,DRIVER 24V,Metalspot,DRIVER 24V,,Metal Spot S.r.l,0.00 ,0.00 ,110.00 ,1
NFORM-EIDOS-MIRO-BOOKCASE-01,EIDOS MIRO BOOKCASE,Newform,EIDOS MIRO BOOKCASE WHITE,,Aran World,"12,765.96 ","15,000.00 ","3,872.00 ",2
NFORM-KAMOS-MEDBOOK-01,KAMOS MEDIUM BOOKCASE,Newform,KAMOS MEDIUM BOOKCASE WITH GLASS WALLNUT 270X160,,Aran World,"4,425.53 ","5,200.00 ","1,130.00 ",2
NFORM-MIRO-DESK-01,"MIRO DESK, WHTIE SERV TABLE",Newform,MIRO DESK AND WHITE SERVICE TABLE WALLNUT BROCOLLO AND BLACK LEGS 200X195,,Aran World,"8,936.17 ","10,500.00 ","1,920.00 ",1
NFORM-MIRO-LOWBOOK-01,MIRO LOW BOOKCASE,Newform,MIRO LOW BOOKCASE WALLNUT BROCCOLO 80X180X46,,Aran World,"3,574.47 ","4,200.00 ",816.00 ,1
NFORM-MIRO-MEETING-01,MIRO MEETING TABLE,Newform,"MIRO MEETING TALBE WALNUT BROCCOLO, BLACK LEGS 220X110",,Aran World,"11,489.36 ","13,500.00 ","1,692.00 ",2
NFORM-SIMP-DESK-01,SIMPOSIO DESK,Newform,SIMPOSIO DESK  WHITE GLASS BRONZE LEGS 200X100,,Aran World,"12,765.96 ","15,000.00 ","2,982.00 ",2
NFORM-SIMP-LOWBOOK-01,SIMPOSIO LOW BOOKCASE,Newform,SIMPOSIO LOW OPEN BOOKCASE LIGHT IVORY,,Aran World,"6,808.51 ","8,000.00 ","1,140.00 ",2
NFORM-SIMP-LOWBOOK-02,SIMPOSIO LOW BOOKCASE,Newform,SIMPOSIO LOW BOOKCASE WITH DOORS LIGHT IVORY,,Aran World,"9,361.70 ","11,000.00 ","1,750.00 ",1
NFORM-TOWER-BOOKCASE-01,TOWER LOW BOOKCASE180X80,Newform,TOWER LOW BOOKCASE LIGHT OAK 180X80,,Aran World,"3,404.26 ","4,000.00 ",692.00 ,3
NFORM-TOWER-BOOKCASE-02,TOWER LOW BOOKCASE APPLE,Newform,TOWER LOW BOOKCASE  APPLE,,Aran World,"3,404.26 ","4,000.00 ",692.00 ,2
NFORM-TOWER-DESK-02,TOWER DESK L-SHAPE,Newform,TOWER DESK L-SHAPE LIGHT OAK,,Aran World,"7,106.38 ","8,350.00 ","1,265.00 ",1
NFORM-TOWER-HIGH BOOK-01,TOWER HIGH BOOKCASE GLASS,Newform,TOWER HIGH BOOKCASE GLASS LIGHT OAK,,Aran World,"11,744.68 ","13,800.00 ","2,990.00 ",1
NFORM-VISTA-DESK-01,VISTA DESK WITH OPEN BOOKCASE,Newform,VISTA DESK WITH OPEN BOOKCASE CHERRY WITH WHITE LEGS,,Aran World,"4,425.53 ","5,200.00 ",968.00 ,3
NFORM-VISTA-LOW BOOK-01,VISTA LOW BOOKCASE 180X80,Newform,VISTA LOW BOOKCASE CHERRY WITH WHITE LEGS 180X80,,Aran World,"3,148.94 ","3,700.00 ",600.00 ,2
NFORM-VISTA-MEETING-01,VISTA MEETING TABLE 160X166,Newform,VISTA MEETING TABLE  CHERRY WITH WHITE LEGS 160X166,,Aran World,"3,914.89 ","4,600.00 ",860.00 ,1
NFORM-VISTA-WORKSTATION-01,VISTA WORKSTATION,Newform,VISTA WORKSTATION CHERRY WITH WHITE LEGS,,Aran World,"8,085.11 ","9,500.00 ","1,700.00 ",4
SIA-010366,Calla lily stem H80 LTGN,SIA,Calla lily stem H80,,SIA HOME FASHION,30.43 ,35.76 ,25.00 ,24
SIA-010441,Allium Spray A/2 H97 LID,SIA,,,SIA HOME FASHION,46.09 ,54.16 ,38.00 ,8
SIA-010466,Calla Lily stem H109 LTG,SIA,,,SIA HOME FASHION,46.09 ,54.16 ,38.00 ,7
SIA-010509,Casablanca Lily single L,SIA,,,SIA HOME FASHION,23.48 ,27.59 ,17.50 ,24
SIA-010604,Ranunculus Stem H46 W,SIA,,,SIA HOME FASHION,15.65 ,18.39 ,9.86 ,9
SIA-010617,Casablanca Lily Stem H1,SIA,,,SIA HOME FASHION,156.52 ,183.91 ,124.00 ,5
SIA-010665,Ranunculus Stem H46 GN,SIA,,,SIA HOME FASHION,15.65 ,18.39 ,9.85 ,24
SIA-010707,Pussy Willow Branch H1,SIA,,,SIA HOME FASHION,58.26 ,68.46 ,48.10 ,21
SIA-010718,Casablanca Lily Stem H7,SIA,,,SIA HOME FASHION,58.26 ,68.46 ,48.06 ,7
SIA-010805,Rose Spray X5 Emma H58,SIA,,,SIA HOME FASHION,36.52 ,42.91 ,30.38 ,24
SIA-010860,Hydrangea w/o Leaf H48,SIA,,,SIA HOME FASHION,46.09 ,54.16 ,37.70 ,12
SIA-010861,Mimos Spray A/2 H74 GR,SIA,,,SIA HOME FASHION,38.26 ,44.96 ,30.38 ,12
SIA-011210,Calla Lily Stem H80 YL,SIA,,,SIA HOME FASHION,30.43 ,35.76 ,25.05 ,24
SIA-011211,Tulip Lea A/2 H68 YL,SIA,,,SIA HOME FASHION,30.43 ,35.76 ,20.00 ,12
SIA-011588,Orchid Spray A/4 H68 CO,SIA,,,SIA HOME FASHION,34.78 ,40.87 ,25.04 ,23
SIA-012464,Dill Spray A/2 H75 CR/GN,SIA,,,SIA HOME FASHION,36.52 ,42.91 ,30.37 ,24
SIA-12808,Orchid Phalenopsis H9,SIA,,,SIA HOME FASHION,82.61 ,97.07 ,63.26 ,9
SIA-12963,Orchid Phalenopsis H4,SIA,,,SIA HOME FASHION,30.43 ,35.76 ,22.51 ,21
SIA-13704,Rose Fabiola H50 Cr/Gn,SIA,,,SIA HOME FASHION,26.09 ,30.66 ,17.47 ,12
SIA-13740,Rose Fabiola H50 Rd,SIA,,,SIA HOME FASHION,26.09 ,30.66 ,17.47 ,12
SIA-14462,Chinese Lantern H92 Gr,SIA,,,SIA HOME FASHION,41.74 ,49.04 ,30.37 ,6
SIA-17124,Rose Audrey H51 Rd,SIA,,,SIA HOME FASHION,34.78 ,40.87 ,25.05 ,23
SIA-18562,Phalenopsis Foliage H,SIA,,,SIA HOME FASHION,34.78 ,40.87 ,25.05 ,17
SIA-50922,Orchid Phalaen Potted,SIA,,,SIA HOME FASHION,130.43 ,153.26 ,98.68 ,2
SIA-340000,Tea-Light S/25 H0.15,SIA,,,SIA HOME FASHION,18.26 ,21.46 ,12.40 ,240
SIA-347636,Sia Scent Cndl Figuier H,SIA,,,SIA HOME FASHION,182.61 ,214.57 ,139.16 ,4
SIA-347695,Sia Scent Cndl Cedre H1,SIA,,,SIA HOME FASHION,182.61 ,214.57 ,139.16 ,4
SIA-348202,Sia Scent Cndl Iris H9 W,SIA,,,SIA HOME FASHION,95.65 ,112.39 ,73.37 ,10
SIA-348302,Sia Scent Cndl Lotus H9,SIA,,,SIA HOME FASHION,95.65 ,112.39 ,73.37 ,5
SIA-348402,Sia Scent Cndl Orchidee,SIA,,,SIA HOME FASHION,95.65 ,112.39 ,73.37 ,5
SIA-348502,Sia Scent Cndl Rose H9,SIA,,,SIA HOME FASHION,95.65 ,112.39 ,73.37 ,8
SIA-348800,Candle Tribal D11 Wh,SIA,,,SIA HOME FASHION,170.21 ,200.00 ,73.37 ,7
SIA-348899,Candle Tribal D11 Bk,SIA,,,SIA HOME FASHION,95.65 ,112.39 ,73.37 ,12
SIA-348900,Candle Tribal D14 Wh,SIA,,,SIA HOME FASHION,95.65 ,112.39 ,73.37 ,7
SIA-348999,Candle Tribal D14 Bk,SIA,,,SIA HOME FASHION,95.65 ,112.39 ,73.37 ,12
SIA-361181,Hurricane Baden D13 Ltb,SIA,,,SIA HOME FASHION,252.17 ,296.30 ,189.77 ,1
SIA-425422,P-Npkn Orchid 33X33 Pk,SIA,,,SIA HOME FASHION,17.39 ,20.43 ,11.40 ,12
SIA-702810,Vase Rect Tallinn L30 H2,SIA,,,SIA HOME FASHION,195.65 ,229.89 ,149.28 ,2
SIA-703010,Vase Rect Tallinn L40 H3,SIA,,,SIA HOME FASHION,330.43 ,388.26 ,250.49 ,4
SIA-704011,Vase Waves H35 D28 Cl,SIA,,,SIA HOME FASHION,500.00 ,587.50 ,377.00 ,2
SIA-704012,Vase Roses H20 D20 Cl,SIA,,,SIA HOME FASHION,121.74 ,143.04 ,88.56 ,6
SIA-704809,Vase Conical H70 Cl,SIA,,,SIA HOME FASHION,165.22 ,194.13 ,123.98 ,8
SIA-706110,Vase Pula H42 D40 Cl,SIA,,,SIA HOME FASHION,604.35 ,710.11 ,452.91 ,1
SIA-706407,Vase Osaka H52 D15 Cl,SIA,,,SIA HOME FASHION,165.22 ,194.13 ,123.98 ,4
SIA-707403,Vase Ftd Nuada H46 5 Cl,SIA,,,SIA HOME FASHION,165.22 ,194.13 ,123.98 ,4
SIA-707700,Vase Harmony H55 Cl,SIA,,,SIA HOME FASHION,330.43 ,388.26 ,250.49 ,2
SIA-709010,Vase Latvia H40 D26 Cl,SIA,,,SIA HOME FASHION,265.22 ,311.63 ,199.89 ,4
SIA-709907,Vase Osaka H31 D10 Cl,SIA,,,SIA HOME FASHION,50.43 ,59.26 ,37.70 ,3
SIA-710507,Vase Conic Clear 45 X 17,SIA,,,SIA HOME FASHION,82.61 ,97.07 ,63.26 ,4
SIA-710707,Vase Conic Clear 90 X 25,SIA,,,SIA HOME FASHION,295.65 ,347.39 ,225.19 ,1
SIA-12706,Orchid Phalaenopsis H2,SIA,,,SIA HOME FASHION,15.65 ,18.39 ,9.86 ,24
INTER-172E-01,EVERYis1,Interstuhl,"EVERYis1 swivel chair black, seat upholstered with manhattan fabric grey back rest black mesh polypropylene base black seat depth and lumbar adjustments 2D T armrest adjustable in width and height soft castors.",,,"2,978.72 ","3,500.00 ",825.00 ,75
INTER-450X997Y-01,X&Y,Interstuhl,X&Y seminar chair with armrest and tablet,,,"2,042.55 ","2,400.00 ",750.00 ,1
INTER-9560-01,NEON,Interstuhl,"BIMOS - NEON on glides permanent mechanism without armrests, super fabric blue with orange stripe color, 3279, black alu base on glides",,,"3,234.04 ","3,800.00 ","1,000.00 ",1
INTER-4402-01,YOUROPE-8,Interstuhl,"YOUROPE-8 swivel chair, with synchro mechanism , seat and back in black TEC fabric , black pastic base , 3D armrest , soft castors.",,,"2,000.00 ","2,350.00 ",550.00 ,1
INTER-9573-01,NEON,Interstuhl,"BIMOS - NEON on castors synchro mechanism , fabric TAFF blue with Grey stripe. color 3278 black Alu base , 4D adjustable armrest, soft castors",,,"4,085.11 ","4,800.00 ","1,230.00 ",1
INTER-800F-01,FLIRT,Interstuhl,"FLIRT leaner with glides, black nappa leather frame chrome.",,,"3,063.83 ","3,600.00 ","1,000.00 ",2
INTER-860F-01,FLIRT,Interstuhl,"FLIRT Table high, frame chrome",,,"4,425.53 ","5,200.00 ","1,225.00 ",1
INTER-15V2-01,VOLUME 8,Interstuhl,"Volume 8 swivel chair high, aniline leather color brown base aluminum brush hard castors.",,,"14,042.55 ","16,500.00 ","4,000.00 ",1
INTER-5W20-01,PIOS-2,Interstuhl,"PIOS 2 , cantilever chair, seat and back anthracite mesh frame chrome, polypropyline armrest",,,"2,553.19 ","3,000.00 ",775.00 ,10
INTER-14M2-03,MOVYis3,Interstuhl,"MOVYis3 swivel chair, medium high, seat and back upholstered with semi-aniline leather dark brown, white polypropylene base , seat depth and lumbar support adjustment, 1D T-armrest adjustable in height, hard castors.",,,"4,893.62 ","5,750.00 ","1,500.00 ",1
INTER-3C72-03,AIRPAD,Interstuhl,"Office use, Hatem & Majdi",,,"8,297.87 ","9,750.00 ","2,250.00 ",2
INTER-5C65,CHAMP,Interstuhl,"Champ visitors, office use Hatem & Majdi",,,"3,914.89 ","4,600.00 ","1,275.00 ",4
INTER-570H-01,HERO,Interstuhl,"Hero cantilever chair, stackable, seat upholstered with lucia black fabric, back rest black mesh, frame black, soft glides for hard floors.",,,"2,851.06 ","3,350.00 ",825.00 ,2
INTER-172H-01,HERO,Interstuhl,"Hero swivel chair, medium high, seat upholstered with lucia fabric black, backrest black mesh, polypropyline base black, seat depth and lumbar adjustment, 2D armrest , adjustable in width and height, soft castors",,,"6,382.98 ","7,500.00 ","1,850.00 ",8
INTER-FI04-01,FIT,Interstuhl,"FIT LAPTOP TABLE, BLACK",,,"4,255.32 ","5,000.00 ",900.00 ,1
INTER-X262-01,XANTOS,Interstuhl,"Xantos medium back, with synchro mechanism seat in Black aquarius fabric back in grey aquarius fabric. base brilliant silver, adjustable lumbar support, air pressure , adjustable armrest , soft castors.",,,"8,085.11 ","9,500.00 ","2,550.00 ",4
INTER-14M2-04,MOVYis3,Interstuhl,"MOVYis3 swivel chair , seat upholstered in lucia fabric light grey white polypropylene base seat depth and lumbar support adjustment 4D armrest soft castors ( ABIR )",,,"4,893.62 ","5,750.00 ","1,450.00 ",1
INTER-V8-POS,VOLUME 8 POS,Interstuhl,Volume 8 POS,,,"1,702.13 ","2,000.00 ",800.00 ,1
INTER-3C42-POS,AIRPAD-POS,Interstuhl,AIRPAD POS,,,"2,978.72 ","3,500.00 ",800.00 ,1
INTER-172E-02,EVERYis1,Interstuhl,"EVERYis1 swivel chair black, seat upholstered with manhattan fabric red back rest black mesh polypropylene base black seat depth and lumbar adjustments 2D T armrest adjustable in width and height soft castors.",,,"2,510.64 ","2,950.00 ",825.00 ,1
NFORM2-TOWER-BOOKCASE-MED-01,TOWER BOOKCASE MEDIUM,Newform,TOWER BOOKCASE MEDIUM 160x90 cm WOODEN DOORS LIGHT OAK,,,"2,382.98 ","2,800.00 ",800.00 ,1
NFORM2-TOWER-BOOKCASE-LOW-01,TOWER BOOKCASE LOW,Newform,TOWER BOOKCASE LOW H80x90 cm WOODEN DOORS LIGHT OAK,,,"1,744.68 ","2,050.00 ",500.00 ,5
NFORM2-TOWER-DESK-02,TOWER DESK L-SHAPE LIGHT OAK,Newform,TOWER DESK L-SHAPE LIGHT OAK WITH CHEST OF DRAWERS,,,"7,148.94 ","8,400.00 ","2,200.00 ",3
NFORM2-TOWER-DESK-01,TOWER DESK LIGHT OAK,Newform,TOWER DESK LIGHT OAK ,,,"7,148.94 ","8,400.00 ","2,000.00 ",4
NFORM2-SIMPOSIO-DESK-01,SIMPOSIO L-SHAPE DESK WALNUT,Newform,SIMPOSIO EXECUTIVE L-SHAPE DESK WALNUT TOP AND BLACK LEGS WITH CHEST OF DRAWERS,,,"28,510.64 ","33,500.00 ","9,000.00 ",1
NFORM2-SIMPOSIO-BOOKCASE-01,SIMPOSIO MEDIUM BOOKCASE WALNUT,Newform,SIMPOSIO MEDIUM BOOKCASE WOODEN DOORS WALNUT AND BLACK FRAME,,,"26,808.51 ","31,500.00 ","8,000.00 ",1
NFORM2-KAMOS-BOOKCASE-MED-01,KAMOS BOOKCASE MEDIUM WALNUT,Newform,KAMOS MEDIUM BOOKCASE H160x90 cm WOODEN DOORS WALNUT,,,"2,382.98 ","2,800.00 ",600.00 ,6
NFORM2-KAMOS-MED-02,KAMOS MEDIUM BOOKCASE GLASS,Newform,KAMOS MEDIUM BOOKCASE WITH GLASS ALU DOORS H160x90 cm ,,,"3,914.89 ","4,600.00 ","1,100.00 ",4
NFORM2-KAMOS-BOOKCASE-LOW-01,KAMOS BOOKCASE LOW WALNUT,Newform,KAMOS BOOKCASE LOW H80x90 cm WALNUT WITH WOODEN DOORS,,,"1,276.60 ","1,500.00 ",400.00 ,4
NFORM2-VISTA-WORKSTATION-01,VISTA WORKSTATION CHERRY,Newform,VISTA WORKSTATION CHERRY TOP ( LEFT + RIGHT ) WHITE LEGS WITH 2 CHEST OF DRAWERS AND WHITE SCREEN,,,"8,085.11 ","9,500.00 ","2,600.00 ",4
NFORM2-MIRO-WALLUNIT-01,MIRO WALL UNIT WHITE,Newform,MIRO WALL UNIT WHITE,,,"1,063.83 ","1,250.00 ",150.00 ,1
NFORM2-RECEPTION-01,RECEPTION LIGHT OAK,Newform,RECEPTION LIGHT OAK AND WHITE METAL FRONT ,,,"17,446.81 ","20,500.00 ","5,000.00 ",3
NFORM2-RECEPTION-02,RECEPTION APPLE,Newform,,,,"32,340.43 ","38,000.00 ","8,500.00 ",2
WALLUNIT-A4-01,WALL UNIT A4 WNC,,WALL UNIT WNC A4 SIZE,,,125.00 ,146.88 ,70.00 ,2
WALLUNIT-A3-WNC,WALL UNIT A3 WNC,,WALL UNIT WNC A3 SIZE,,,170.00 ,199.75 ,80.00 ,2
NFORM-MIRO-OPENBOOK-01,MIRO OPEN BOOKCASE H142,Newform,MIRO OPEN BOOKCASE H142 ON CASTORS,,,"2,382.98 ","2,800.00 ",450.00 ,6
INTER-560E-01,EVERYis1,Interstuhl,"EVERYis1, cantilever frame black, Seat upholstered with Manhattan fabric grey, base and seat shell black with glides for hard floors.",,,"1,659.57 ","1,950.00 ",600.00 ,1
INTER-15V2-02,VOLUME 8,Interstuhl,"Volume 8, High swivel chair, Anilinleather brown, frame black, polypropylene parts black, Aluminium base black, standard black, loop armrests black, soft double castors black",,,"16,382.98 ","19,250.00 ","6,500.00 ",3
INTER-362S-03,SILVER,Interstuhl,"Silver office swivel executive chair, high back rest, synchro mechanism, seat and back upholstered with semi-aniline leather Brown , frame aluminum brush, soft castors.",,,"29,361.70 ","34,500.00 ","14,000.00 ",2
INTER-5C30-01,AIRPAD,Interstuhl,"AIRPAD VISITOR CHAIR, STACKABLE SEAT IN BLACK LUCIA FABRIC, MESH BACKREST IN BLACK, CANTILEVER FRAME CHROME, SOFT GLIDES.",,,"3,574.47 ","4,200.00 ","2,000.00 ",45
NFORM3-EIDOS-DESK180-01,EIDOS DESK 180,Newform,"EIDOS EVO DESK 180 X 80 , LIGHT OAK TOP, WHITE METAL LEGS ( A SHAPE )",,,"2,808.51 ","3,300.00 ","1,300.00 ",38
NFORM3-EIDOS-EXT-DESK180-01,EIDOS DESK EXTENSION,Newform,EIDOS EVO DESK EXTENSION LIGHT OAK TOP AND WHITE METAL LEGS ( A SHAPE ),,,"1,531.91 ","1,800.00 ",700.00 ,34
NFORM3-EIDOS-DOUBLEDESK120-01,EIDOS DOUBLEDESK 120,Newform,"EIDOS EVO DOUBLE DESK 120 X 166 , LIGHT OAK TOP, WHITE METAL LEGS ( A SHAPE )",,,"4,255.32 ","5,000.00 ","2,000.00 ",2
NFORM3-EIDOS-MEETING240-01,EIDOS MEETING 240,Newform,EIDOS EVO MEETING TABLE 240 X 126 LIGHT OAK TOP WHITE METAL LEGS ( A SHAPE ),,,"4,893.62 ","5,750.00 ","2,400.00 ",5
NFORM3-RECEPTION160-01,RECEPTION 160 WOOD,Newform,RECEPTION 160 LIGHT OAK AND WOODEN TOP,,,"5,063.83 ","5,950.00 ","2,500.00 ",12
NFORM3-VISTA-DESK180-GLASS-01,VISTA DESK 180 GLASS,Newform,VISTA EXECUTIVE GLASS DESK 180 X 80 WITH WHITE METAL LEGS,,,"6,638.30 ","7,800.00 ","3,200.00 ",3
NFORM3-VISTA-BOOKCASE-LOW-01,VISTA BOOKCASE LOW WHITE,Newform,VISTA BOOKCASE LOW 90 WHITE,,,"1,531.91 ","1,800.00 ",700.00 ,36
NFORM3-VISTA-SERVICE-CABINET-01,VISTA SERVICE CABINET,Newform,VISTA SERVICE UNIT 120 X 54 WHITE,,,"2,765.96 ","3,250.00 ","1,500.00 ",5
NFORM3-VISTA-CHEST-01,VISTA CHEST OF DRAWERS,Newform,VISTA CHEST OF DRAWERS WHITE,,,"1,276.60 ","1,500.00 ",600.00 ,10
DITRE-MORRISON-SOFA-E110,MORRISON MAXI SOFA,Ditre Italia,"MORRISON MAXI SOFA 3-ERsize : 244x98x81 cmFabric category : EQUIPE 110",,DITRE ITALIA SRL,"16,148.94 ","18,975.00 ","9,000.00 ",1
DITRE-MORRISON-SOFA-E019,MORRISON MAXI SOFA,Ditre Italia,"MORRISON MAXI SOFA 3-ERsize : 244x98x81 cmFabric category : EQUIPE 019",,DITRE ITALIA SRL,"17,702.13 ","20,800.00 ","9,000.00 ",7
DITRE-MILLER-SOFA-E019,MILLER MAXI SOFA,Ditre Italia,"MILLER MAXI SOFA 3-ERsize : 229x98x81 cmFabric category : EQUIPE 019",,DITRE ITALIA SRL,"17,234.04 ","20,250.00 ","9,000.00 ",2
DITRE-FOSTER-SOFA-S406,FOSTER MAXI SOFA,Ditre Italia,"FOSTER MAXI SOFA 3-ERsize : 228x106x81 cmFabric category : SCOOP 406",,DITRE ITALIA SRL,"16,148.94 ","18,975.00 ","8,000.00 ",2
DITRE-FOSTER-SOFA-S600,FOSTER MAXI SOFA,Ditre Italia,"FOSTER MAXI SOFA 3-ERsize : 228x106x81 cmFabric category : SCOOP 600",,DITRE ITALIA SRL,"16,148.94 ","18,975.00 ","8,000.00 ",1
DITRE-HUG-ARMCHAIR-S403,HUG ARMCHAIR,Ditre Italia,"HUG ARMCHAIRsize : 67x88x67 cmFabric category : SCOOP 403",,DITRE ITALIA SRL,"6,808.51 ","8,000.00 ","4,000.00 ",2
DITRE-RAY-ARMCHAIR-E018,RAY ARMCHAIR,Ditre Italia,"RAY ARMCHAIRsize : 68x79x95 cmFabric category : EQUIPE 018",,DITRE ITALIA SRL,"7,340.43 ","8,625.00 ","4,000.00 ",2
DITRE-JEN-ARMCHAIR-M005,JEN ARMCHAIR,Ditre Italia,"JEN ARMCHAIRsize : 75x75x72 cmFabric category : MONACO 005",,DITRE ITALIA SRL,"6,468.09 ","7,600.00 ","3,000.00 ",8
DITRE-JEN-ARMCHAIR-E110,JEN ARMCHAIR,Ditre Italia,"JEN ARMCHAIRsize : 75x75x72 cmFabric category : EQUIPE 110",,DITRE ITALIA SRL,"5,872.34 ","6,900.00 ","3,000.00 ",2
DITRE-AGAVE-BED180-S600,AGAVE BED,Ditre Italia,"AGAVE KING SIZE BED 180x200size : 200x222x105 cmFabric category : SCOOP 600",,DITRE ITALIA SRL,"10,765.96 ","12,650.00 ","5,000.00 ",3
DITRE-AMOS-BED180-S406,AMOS BED,Ditre Italia,"AMOS KING SIZE BED 180x200size : 222x225x110 cmFabric category : SCOOP 406",,DITRE ITALIA SRL,"12,234.04 ","14,375.00 ","6,000.00 ",1
DITRE-LAUD-BED180-S600,LAUD BED,Ditre Italia,"LAUD KING SIZE BED 180x200size : 220x220x127 cmFabric category : SCOOP 600",,DITRE ITALIA SRL,"10,765.96 ","12,650.00 ","5,000.00 ",1
INTER-365Y-01,YOSTERis3,Interstuhl,"YOSTERis3, swivel armchair, Nappa Leather Black, Frame brilliant silver, polypropylene parts black, aluminum base brilliant silver, seat depth and lumbar support adj. black, adj. armrests, hard double castors black.",,,"8,255.32 ","9,700.00 ","5,000.00 ",5
INTER-550Y-01,YOSTERis3,Interstuhl,"YOSTERis3 visitor chair, cantilever frame with armrests, nora black, frame chrome, polypropylene parts black, arm pad black, felt glides for hard floors.",,,"3,234.04 ","3,800.00 ","1,500.00 ",4
INTER-470B-01,BUDDYis3,Interstuhl,"BUDDYis3, visitor chair, Four legs with armrests, mesh back, Manhatten iron grey seat, frame black, polypropylene parts black, arm pad without upholstery black, glides black.",,,"1,872.34 ","2,200.00 ","1,000.00 ",20
INTER-2968-02,VISIT,Interstuhl,"VISIT, visitor chair, 4 legs, tec black, frame black, polypropylene parts black, arm pad black, glides black.",,,936.17 ,"1,100.00 ",500.00 ,56
INTER-570B-01,BUDDYis3,Interstuhl,"BUDDYis3, Cantilever frame with armrests, mesh back, manhatten grey seat, frame black, polypropylene parts black, arm pad without upholstery black, felt glides for hard floors.",,,"1,872.34 ","2,200.00 ","1,200.00 ",18
INTER-3476-01,YOUNICO PRO,Interstuhl,"YOUNICO PRO, Swivel Chair,Mesh High back, Tec Blue seat, Frame black, pp parts black, seat depth including lumbar support adj black. closed armrests black. hard double castors.",,,"2,100.00 ","2,467.50 ","1,200.00 ",5
INTER-3171-01,YOUNICO-3,Interstuhl,"YOUNICO-3, swivel chair Mesh back, Seat tec black, frame black, pp parts black, Adjustable lumbar support, Multifunctional 3D armrests, soft double castors.",,,"2,212.77 ","2,600.00 ","1,200.00 ",103
NFORM3-EIDOS-WORKSTATION160-02,EIDOS WORKSTATION 160 CHEST,Newform,"EIDOS WORKSTATION 160x160, LIGHT OAK TOP AND WHITE METAL LEGS, WITH CHEST OF DRAWERS.",,,"4,851.06 ","5,700.00 ","2,500.00 ",19
NFORM3-VISTA-DOUBLEDESK140-01,VISTA DOUBLE DESK 140,Newform,"VISTA DOUBLE DESK 140 x 126 cm, LIGHT OAK TOP AND WHITE METAL LEGS. ",,,"4,425.53 ","5,200.00 ","2,200.00 ",30
NFORM3-VISTA-DESK140-01,VISTA DESK 140x60,Newform,"VISTA DESK 140 x 60 cm , LIGHT OAK TOP AND WHITE METAL LEGS.",,,"1,829.79 ","2,150.00 ","1,000.00 ",30
NFORM3-VISTA-MEETING260-01,VISTA MEETING 260,Newform,"VISTA MEETING TABLE 260 x 126 cm, LIGHT OAK TOP AND WHITE METAL LEGS.",,,"9,021.28 ","10,600.00 ","4,000.00 ",5
NFORM3-EIDOS-MEETING120-01,EIDOS MEETING 120,Newform,"EIDOS ROUND MEETING TABLE 120 cm , LIGHT OAK TOP AND WHITE WOODEN LEGS.",,,"1,872.34 ","2,200.00 ","1,000.00 ",10
NFORM3-OPERA-DESK210-01,OPERA DESK 210,Newform,"OPERA DESK 210 x 100 cm , E3 TRANCHE GREY ASH, WHITE METAL LEGS.",,,"11,702.13 ","13,750.00 ","6,000.00 ",5
NFORM3-OPERA-MEETING300-01,OPERA MEETING 300,Newform,"OPERA MEETING TABLE 300 x 120 cm , E3 TRANCHE GREY ASH TOP AND WHITE METAL LEGS",,,"15,744.68 ","18,500.00 ","8,500.00 ",5
NFORM3-TOWEREVO-DESK-L200-01,TOWEREVO DESK L 200,Newform,"TOWEREVO DESK L-SHAPE 200 cm, E3 TRANCHE GREY ASH TOP, GQ QUARTZ GREY METAL LEGS",,,"11,063.83 ","13,000.00 ","6,000.00 ",5
NFORM3-MIRO-DESK-L200-01,MIRO DESK L 200,Newform,"MIRO DESK L-SHAPE 200 cm , EBANO MAKASSAR TOP AND BLACK METAL LEGS.",,,"11,063.83 ","13,000.00 ","6,000.00 ",5
NFORM3-MIRO-MEETING220-01,MIRO MEETING 220,Newform,"MIRO MEETING TABLE 220 x 110 cm, EBANO MAKASSAR TOP AND BLACK METAL LEGS",,,"8,510.64 ","10,000.00 ","5,000.00 ",5
NFORM3-OPERA-CHEST-METAL-01,OPERA CHEST METAL,Newform,"OPERA CHEST OF DRAWERS METAL, ALU COLOR",,,"1,914.89 ","2,250.00 ","1,000.00 ",10
NFORM3-VISTA-BOOKCASE-MED-GLASS-01,VISTA BOOKCASE 160 GLASS,Newform,"VISTA BOOKCASE MEDIUM 160 x 90 cm, ALU FRAME AND GLASS DOORS",,,"3,744.68 ","4,400.00 ","2,000.00 ",19
NFORM3-MIRO-OPENBOOKCASE140-01,MIRO OPEN BOOKCASE 140,Newform,MIRO OPEN BOOKCASE WHITE 140 x 90 cm,,,"1,617.02 ","1,900.00 ","1,000.00 ",15
NFORM3-MIRO-BOOKCASE-LOW-01,MIRO BOOKCASE LOW 80,Newform,"MIRO BOOKCASE LOW 80 x 90 cm , WHITE LACQUERED DOORS",,,"3,404.26 ","4,000.00 ","2,000.00 ",20
NFORM3-MIRO-BOOKCASE-MED-01,MIRO BOOKCASE MED 160,Newform,"MIRO BOOKCASE MEDIUM 160 x 90 cm , WHITE LACQUERED DOORS",,,"5,702.13 ","6,700.00 ","3,000.00 ",10
NFORM3-SINTESI-WARDROBE-4DOORS,SINTESI WARDROBE 4 DOORS,Newform,"ARAN SINTESI WARDROBE 4 DOORS, SLIDING WHITE GLOSS FINISH, W3575 H2368 mm",,,"40,851.06 ","48,000.00 ","23,000.00 ",1
DITRE-BUBLE-SOFA-A1174,BUBLE MAXI SOFA,Ditre Italia,"BUBLE MAXI SOFA 3-ERsize : 230x104x70 cmFabric category : ALEX 1174 DARK GREY",,,"14,851.06 ","17,450.00 ","7,000.00 ",6
DITRE-MILLER-SOFA-M005,MILLER MAXI SOFA,Ditre Italia,"MILLER MAXI SOFA 3-ERsize : 229x98x81 cmFabric category : MONACO 005 BEIGE",,,"20,200.00 ","23,735.00 ","7,000.00 ",6
DITRE-KRIS-SOFA-E110,KRIS MAXI SOFA,Ditre Italia,"KRIS MAXI SOFA 3-ERsize : 240x96x85 cmFabric category : EQUIPE 110  GREIGE",,,"19,319.15 ","22,700.00 ","7,000.00 ",6
DITRE-DALTON-SOFA-S084,DALTON MAXI SOFA,Ditre Italia,"DALTON MAXI SOFA 3-ERsize : 220x106x80 cmFabric category : SAFARI 084 BROWN",,,"18,723.40 ","22,000.00 ","7,000.00 ",6
DITRE-ARTIS-SOFA-E006,ARTIS SOFA 2-ER,Ditre Italia,"ARTIS SOFA 2-ERsize : 174x102x80 cmFabric category : ESPRIT 006 LEATHER BLACK",,,"9,872.34 ","11,600.00 ","7,000.00 ",4
DITRE-CELESTE-ARMCHAIR-S875,CELESTE ARMCHAIR,Ditre Italia,"CELESTE ARMCHAIRsize : 82x85x95 cmFabric category : SUMMER 875 LIGHT GREY",,,"7,489.36 ","8,800.00 ","4,000.00 ",4
DITRE-RAY-ARMCHAIR-S875,RAY ARMCHAIR,Ditre Italia,"RAY ARMCHAIRsize : 68x79x95 cmFabric category : SUMMER 875 LIGHT GREY",,,"7,489.36 ","8,800.00 ","4,000.00 ",6
DITRE-ELLIE-ARMCHAIR-S064,ELLIE ARMCHAIR,Ditre Italia,"ELLIE ARMCHAIRsize : 80x79x75 cmFabric category : SAFARI 064 DARK GREY",,,"7,489.36 ","8,800.00 ","4,000.00 ",6
DITRE-BESS-ARMCHAIR-S333,BESS ARMCHAIR,Ditre Italia,"BESS ARMCHAIRsize : 88x88x100 cmFabric category : SPRING 333 GREY",,,"7,489.36 ","8,800.00 ","4,000.00 ",6
DITRE-CHLOE-STOOL-064,CHLOE STOOL,Ditre Italia,"CHLOE STOOL ROUNDSize : 55x55x44Fabric Category : SAFARI 064 DARK GREY",,,"2,851.06 ","3,350.00 ","1,500.00 ",4
DITRE-CARTER-CARPET-B101,CARTER CARPET,Ditre Italia,"CARTER CARPETsize : 160x230 cmBEIGE 101",,,"3,829.79 ","4,500.00 ","2,000.00 ",3
DITRE-CARTER-CARPET-A103,CARTER CARPET,Ditre Italia,"CARTER CARPETsize : 160x230 cmASH 103",,,"3,829.79 ","4,500.00 ","2,000.00 ",2
DITRE-SHADE-SOFA-S333,SHADE MAXI SOFA,Ditre Italia,"SHADE MAXI SOFA 3-ERsize : 263x97x80 cmFabric category : SPRING 333 GREY",,,"18,723.40 ","22,000.00 ","7,000.00 ",4
DITRE-AMOS-BED180-E093,AMOS BED,Ditre Italia,"AMOS KING SIZE BED 180x200size : 222x225x110 cmFabric category : ESPRIT 093 LEATHER WALNUT",,,"15,000.00 ","17,625.00 ","7,000.00 ",4